product,slug,old,new,usedPlaceholder
CAMEL GG-5 Hot Melt Glue Gun 100-240V | Electric Heat Glue Gun for Craft & DIY Repairs,camel-gg-5-hot-melt-glue-gun-100-240v-electric-heat-glue-gun-for-craft-and-diy-repairs,/images/products/sku-prod-1072.webp,/images/products/camel-gg-5-hot-melt-glue-gun-100-240v-electric-heat-glue-gun-for-craft-and-diy-repairs.webp,False
ESD-15 Curved Tip Precision Tweezers 121mm | Stainless Steel Bent Tip Tweezer for Electronics,esd-15-curved-tip-precision-tweezers-121mm-stainless-steel-bent-tip-tweezer-for-electronics,/images/products/item-esd-15-curved-tip-precision-tweezers-121mm-stainless-steel-bent-tip-tweezer-for-electronics.webp,/images/products/esd-15-curved-tip-precision-tweezers-121mm-stainless-steel-bent-tip-tweezer-for-electronics.webp,False
Metal Slingshot Release Trigger Mechanism | DIY Crossbow & Slingshot Trigger Device,metal-slingshot-release-trigger-mechanism-diy-crossbow-and-slingshot-trigger-device,/images/products/sku-prod-1063.webp,/images/products/metal-slingshot-release-trigger-mechanism-diy-crossbow-and-slingshot-trigger-device.webp,False
Precision Hobby Knife with #11 Blades | 5.5 inch Craft Knife for PCB & Model Making,precision-hobby-knife-with-11-blades-5-5-inch-craft-knife-for-pcb-and-model-making,/images/products/item-precision-hobby-knife-with-11-blades-5-5-inch-craft-knife-for-pcb-and-model-making.webp,/images/products/precision-hobby-knife-with-11-blades-5-5-inch-craft-knife-for-pcb-and-model-making.webp,False
USB Type-C Male/Female Plug Solder Connector Board (JRC-BCC8) | 4-Pin/6-Pin USB-C Repair Plug,usb-type-c-male-plug-solder-connector-board-4-pin-6-pin-usb-c-repair-plug,/images/products/sku-prod-1086.webp,/images/products/usb-type-c-male-plug-solder-connector-board-4-pin-6-pin-usb-c-repair-plug.webp,False
"Bluetooth MP3 Decoder Board with Color Display, USB, TF Card, AUX, FM Radio & EQ",bluetooth-mp3-decoder-board-with-color-display-usb-tf-card-aux-fm-radio-and-eq,/images/products/item-bluetooth-mp3-decoder-board-with-color-display-usb-tf-card-aux-fm-radio-and-eq.webp,/images/products/bluetooth-mp3-decoder-board-with-color-display-usb-tf-card-aux-fm-radio-and-eq.webp,False
Digital FM Wireless Transmitter Module with LCD Display | 87.5-108MHz DSP & PLL Board,digital-fm-wireless-transmitter-module-with-lcd-display-87-5-108mhz-dsp-and-pll-board,/images/products/sku-prod-1061.webp,/images/products/digital-fm-wireless-transmitter-module-with-lcd-display-87-5-108mhz-dsp-and-pll-board.webp,False
JRC4558D Dual Operational Amplifier IC DIP-8,jrc4558d-dual-operational-amplifier-ic-dip-8,/images/products/item-jrc4558d-dual-operational-amplifier-ic-dip-8.webp,/images/products/jrc4558d-dual-operational-amplifier-ic-dip-8.webp,False
LA4440 Dual Audio Power Amplifier IC (Zip-13),la4440-dual-audio-power-amplifier-ic,/images/products/item-la4440-dual-audio-power-amplifier-ic.webp,/images/products/la4440-dual-audio-power-amplifier-ic.webp,False
LA4440 Dual Audio Power Amplifier IC (Zip-13),la4440-dual-audio-power-amplifier-ic,/images/products/item-la4440-dual-audio-power-amplifier-ic-2.webp,/images/products/la4440-dual-audio-power-amplifier-ic-2.webp,False
LM386 Audio Power Amplifier IC DIP-8,lm386-audio-power-amplifier-ic-dip-8,/images/products/item-lm386-audio-power-amplifier-ic-dip-8.webp,/images/products/lm386-audio-power-amplifier-ic-dip-8.webp,False
NE5532 Hi-Fi Preamplifier Audio Tone Control Board (MT Version 2.1) | Treble Midrange Bass Volume Control,ne5532-hi-fi-preamplifier-audio-tone-control-board-treble-midrange-bass-volume-control,/images/products/sku-prod-1070.webp,/images/products/ne5532-hi-fi-preamplifier-audio-tone-control-board-treble-midrange-bass-volume-control.webp,False
PAM8403 Mini Digital Audio Amplifier Board | 2x3W Class D Stereo Amp Module,pam8403-mini-digital-audio-amplifier-board-2x3w-class-d-stereo-amp-module,/images/products/item-pam8403-mini-digital-audio-amplifier-board-2x3w-class-d-stereo-amp-module.webp,/images/products/pam8403-mini-digital-audio-amplifier-board-2x3w-class-d-stereo-amp-module.webp,False
Rotary Potentiometer B50K / B100K with Nut & Washer (Audio Pot),rotary-potentiometer-b50k-b100k-with-nut-washer-audio-pot,/images/products/item-rotary-potentiometer-b100k-with-nut-and-washer.webp,/images/products/rotary-potentiometer-b50k-b100k-with-nut-washer-audio-pot.webp,False
Rotary Potentiometer B50K / B100K with Nut & Washer (Audio Pot),rotary-potentiometer-b50k-b100k-with-nut-washer-audio-pot,/images/products/item-rotary-potentiometer-b50k-with-nut-and-washer.webp,/images/products/rotary-potentiometer-b50k-b100k-with-nut-washer-audio-pot-2.webp,False
Single supply low pass filter board subwoofer preamp board 2.1 channel DC10-30V Creek,single-supply-low-pass-filter-board-subwoofer-preamp-board-2-1-channel-dc10-30v-creek,/images/products/item-single-supply-low-pass-filter-board-subwoofer-preamp-board-2-1-channel-dc10-30v-creek.webp,/images/products/single-supply-low-pass-filter-board-subwoofer-preamp-board-2-1-channel-dc10-30v-creek.webp,False
TDA2030A Mono Audio Amplifier Board with Heatsink | DIY Amplifier Module,tda2030a-mono-audio-amplifier-board-with-heatsink-diy-amplifier-module,/images/products/item-tda2030a-mono-audio-amplifier-board-with-heatsink-diy-amplifier-module.webp,/images/products/tda2030a-mono-audio-amplifier-board-with-heatsink-diy-amplifier-module.webp,False
TDA2822 Dual Low-Voltage Audio Power Amplifier IC DIP-8,tda2822-dual-low-voltage-audio-power-amplifier-ic-dip-8,/images/products/item-tda2822-dual-low-voltage-audio-power-amplifier-ic-dip-8.webp,/images/products/tda2822-dual-low-voltage-audio-power-amplifier-ic-dip-8.webp,False
TEA2025B Dual Audio Power Amplifier IC DIP-16,tea2025b-dual-audio-power-amplifier-ic-dip-16,/images/products/item-tea2025b-dual-audio-power-amplifier-ic-dip-16.webp,/images/products/tea2025b-dual-audio-power-amplifier-ic-dip-16.webp,False
TPA3110 XH-A232 30W+30W 2.0 Channel Digital Stereo Audio Power Amplifier Board DC 8-26V 3A,tpa3110-xh-a232-30w-30w-2-0-channel-digital-stereo-audio-power-amplifier-board-dc-8-26v-3a,/images/products/sku-prod-1080.webp,/images/products/tpa3110-xh-a232-30w-30w-2-0-channel-digital-stereo-audio-power-amplifier-board-dc-8-26v-3a.webp,False
Wireless Bluetooth 5.0 MP3 Decoder Audio Receiver Module AUXTFUSB for Car Home Stereo Speaker DIY,wireless-bluetooth-5-0-mp3-decoder-audio-receiver-module-auxtfusb-for-car-home-stereo-speaker-diy,/images/products/item-wireless-bluetooth-5-0-mp3-decoder-audio-receiver-module-auxtfusb-for-car-home-stereo-speaker-diy.webp,/images/products/wireless-bluetooth-5-0-mp3-decoder-audio-receiver-module-auxtfusb-for-car-home-stereo-speaker-diy.webp,False
WP4-10 4-Pin Speaker Terminal Push Connector,wp4-10-4-pin-speaker-terminal-push-connector,/images/products/item-wp4-10-4-pin-speaker-terminal-push-connector.webp,/images/products/wp4-10-4-pin-speaker-terminal-push-connector.webp,False
03962A TP4056 Micro USB 5V 1A Lithium Battery Charger Board | Dual Protection Module,03962a-tp4056-micro-usb-5v-1a-lithium-battery-charger-board-dual-protection-module,/images/products/sku-prod-1059.webp,/images/products/03962a-tp4056-micro-usb-5v-1a-lithium-battery-charger-board-dual-protection-module.webp,False
12V Battery Low Voltage Cutoff Protection Switch Module | Undervoltage Relay Controller,12v-battery-low-voltage-cutoff-protection-switch-module-undervoltage-relay-controller,/images/products/sku-prod-1068.webp,/images/products/12v-battery-low-voltage-cutoff-protection-switch-module-undervoltage-relay-controller.webp,False
2S Li-ion Battery BMS Protection Board | 2-Cell Series Balance Charging Protection Module (Type A),2s-li-ion-battery-bms-protection-board-2-cell-series-balance-charging-protection-module,/images/products/item-2s-li-ion-battery-bms-protection-board-2-cell-series-balance-charging-protection-module.webp,/images/products/2s-li-ion-battery-bms-protection-board-2-cell-series-balance-charging-protection-module.webp,False
"2S Li-ion Battery BMS Protection Board | 2-Cell Series Protection Module (Type B, SY Brand)",2s-li-ion-battery-bms-protection-board-2-cell-series-protection-module,/images/products/item-2s-li-ion-battery-bms-protection-board-2-cell-series-protection-module.webp,/images/products/2s-li-ion-battery-bms-protection-board-2-cell-series-protection-module.webp,False
3S 20A Li-ion Lithium Battery 18650 Charger PCB BMS Protection Board,3s-20a-li-ion-lithium-battery-18650-charger-pcb-bms-protection-board,/images/products/item-3s-20a-li-ion-lithium-battery-18650-charger-pcb-bms-protection-board.webp,/images/products/3s-20a-li-ion-lithium-battery-18650-charger-pcb-bms-protection-board.webp,False
Micro USB Lithium Battery Charging Boost Module | TP4056 Style Charger with Boost Output,micro-usb-lithium-battery-charging-boost-module-tp4056-style-charger-with-boost-output,/images/products/item-micro-usb-lithium-battery-charging-boost-module-tp4056-style-charger-with-boost-output.webp,/images/products/micro-usb-lithium-battery-charging-boost-module-tp4056-style-charger-with-boost-output.webp,False
Type-C 15W 2S Lithium Battery Charging Boost Module | 2-Cell Series Fast Charger,type-c-15w-2s-lithium-battery-charging-boost-module-2-cell-series-fast-charger,/images/products/sku-prod-1083.webp,/images/products/type-c-15w-2s-lithium-battery-charging-boost-module-2-cell-series-fast-charger.webp,False
XH-M604 Battery Charge/Discharge Controller Module | Voltage Protection Board with Relay & Display,xh-m604-battery-charge-discharge-controller-module-voltage-protection-board-with-relay-and-display,/images/products/item-xh-m604-battery-charge-discharge-controller-module-voltage-protection-board-with-relay-and-display.webp,/images/products/xh-m604-battery-charge-discharge-controller-module-voltage-protection-board-with-relay-and-display.webp,False
Ceramic Capacitor,ceramic-capacitor,/images/products/ed-cercap.webp,/images/products/ceramic-capacitor.webp,False
Electrolytic Capacitor,electrolytic-capacitor,/images/products/ed-elcap.webp,/images/products/electrolytic-capacitor.webp,False
High Voltage Ceramic Disc Capacitors – Bulk Pack (VANXY),high-voltage-ceramic-disc-capacitors-bulk-pack,/images/products/ed-high-voltage-ceramic-disc-bulk-pack-vanxy.webp,/images/products/high-voltage-ceramic-disc-capacitors-bulk-pack.webp,False
ESP-01 ESP8266 Serial Wi-Fi Transceiver Module | Wireless Internet IoT Board,esp-01-esp8266-serial-wi-fi-transceiver-module-wireless-internet-iot-board,/images/products/sku-prod-1057.webp,/images/products/esp-01-esp8266-serial-wi-fi-transceiver-module-wireless-internet-iot-board.webp,False
KESHY USB to ESP-01 ESP8266 Adapter Board | Serial Wireless Programmer Module,keshy-usb-to-esp-01-esp8266-adapter-board-serial-wireless-programmer-module,/images/products/sku-prod-1058.webp,/images/products/keshy-usb-to-esp-01-esp8266-adapter-board-serial-wireless-programmer-module.webp,False
SIM800 GSM Module Bare Board | SIM Card Slot GSM/GPRS Circuit Board,sim800-gsm-module-bare-board-sim-card-slot-gsm-gprs-circuit-board,/images/products/item-sim800-gsm-module-bare-board-sim-card-slot-gsm-gprs-circuit-board.webp,/images/products/sim800-gsm-module-bare-board-sim-card-slot-gsm-gprs-circuit-board.webp,False
SIM900A GSM/GPRS Module with Antenna | Quad-Band Serial Communication Module,sim900a-gsm-gprs-module-with-antenna-quad-band-serial-communication-module,/images/products/sku-prod-1077.webp,/images/products/sim900a-gsm-gprs-module-with-antenna-quad-band-serial-communication-module.webp,False
0603 Red SMD LED 620-625nm (5 Pic),0603-red-smd-led-620-625nm,/images/products/item-0603-red-smd-led-620-625nm.webp,/images/products/0603-red-smd-led-620-625nm.webp,False
13001 NPN Power Transistor TO-92,13001-npn-power-transistor-to-92,/images/products/item-13001-npn-power-transistor-to-92.webp,/images/products/13001-npn-power-transistor-to-92.webp,False
16-Pin DIP IC Socket / Base,16-pin-dip-ic-socket-base,/images/products/item-16-pin-dip-ic-socket-base.webp,/images/products/16-pin-dip-ic-socket-base.webp,False
1N5399 Rectifier Diode 1000V 1.5A DO-15 (10Pcs),1n5399-rectifier-diode-1000v-1-5a-do-15,/images/products/item-1n5399-rectifier-diode-1000v-1-5a-do-15.webp,/images/products/1n5399-rectifier-diode-1000v-1-5a-do-15.webp,False
2N2219A High Speed NPN Power Transistor (TO-39 Metal Can) | Switching & Amp Transistor,2n2219a-high-speed-npn-power-transistor-switching-and-amp-transistor,/images/products/sku-prod-1093.webp,/images/products/2n2219a-high-speed-npn-power-transistor-switching-and-amp-transistor.webp,False
2N3866 High Frequency NPN Transistor (TO-39 Metal Can) | RF Amplifier Transistor,2n3866-high-frequency-npn-transistor-rf-amplifier-transistor,/images/products/sku-prod-1088.webp,/images/products/2n3866-high-frequency-npn-transistor-rf-amplifier-transistor.webp,False
2SC1971 C1971 NPN VHF RF Power Transistor (TO-220) | 6W 175MHz RF Output Transistor,2sc1971-c1971-npn-vhf-rf-power-transistor-6w-175mhz-rf-output-transistor,/images/products/sku-prod-1091.webp,/images/products/2sc1971-c1971-npn-vhf-rf-power-transistor-6w-175mhz-rf-output-transistor.webp,False
30F124 IGBT Transistor TO-3P,30f124-igbt-transistor-to-3p,/images/products/item-30f124-igbt-transistor-to-3p.webp,/images/products/30f124-igbt-transistor-to-3p.webp,False
40-Pin Header Strip 2.54mm Single Row,40-pin-header-strip-2-54mm-single-row,/images/products/item-40-pin-female-header-strip-2-54mm-single-row.webp,/images/products/40-pin-header-strip-2-54mm-single-row.webp,False
40-Pin Header Strip 2.54mm Single Row,40-pin-header-strip-2-54mm-single-row,/images/products/item-40-pin-male-header-strip-2-54mm-single-row.webp,/images/products/40-pin-header-strip-2-54mm-single-row-2.webp,False
60W Ceramic Cartridge Heater 65mm (Soldering Iron / 3D Printer Heating Element),60w-ceramic-cartridge-heater-65mm,/images/products/item-60w-ceramic-cartridge-heater-65mm.webp,/images/products/60w-ceramic-cartridge-heater-65mm.webp,False
7N60 N-Channel Power MOSFET 7A 600V TO-220,7n60-n-channel-power-mosfet-7a-600v-to-220,/images/products/item-7n60-n-channel-power-mosfet-7a-600v-to-220.webp,/images/products/7n60-n-channel-power-mosfet-7a-600v-to-220.webp,False
8-Pin DIP IC Socket / Base (SY),8-pin-dip-ic-socket-base,/images/products/item-8-pin-dip-ic-socket-base.webp,/images/products/8-pin-dip-ic-socket-base.webp,False
BD/D882 NPN/PNP Power Transistor TO-126,bd-d882-npn-pnp-power-transistor-to-126,/images/products/item-bd135-npn-power-transistor-to-126.webp,/images/products/bd-d882-npn-pnp-power-transistor-to-126.webp,False
BD/D882 NPN/PNP Power Transistor TO-126,bd-d882-npn-pnp-power-transistor-to-126,/images/products/item-bd139-npn-power-transistor-to-126.webp,/images/products/bd-d882-npn-pnp-power-transistor-to-126-2.webp,False
BD/D882 NPN/PNP Power Transistor TO-126,bd-d882-npn-pnp-power-transistor-to-126,/images/products/item-d882-npn-power-transistor-to-126.webp,/images/products/bd-d882-npn-pnp-power-transistor-to-126-3.webp,False
BD140 PNP Power Transistor TO-126,bd140-pnp-power-transistor-to-126,/images/products/item-bd140-pnp-power-transistor-to-126.webp,/images/products/bd140-pnp-power-transistor-to-126.webp,False
BF494 NPN Medium Frequency RF Transistor (TO-92) | AM/FM Radio Oscillator Transistor,bf494-npn-medium-frequency-rf-transistor-am-fm-radio-oscillator-transistor,/images/products/sku-prod-1090.webp,/images/products/bf494-npn-medium-frequency-rf-transistor-am-fm-radio-oscillator-transistor.webp,False
BT Triac TO-220,bt-triac-to-220,/images/products/item-bt136-triac-4a-600v-to-220.webp,/images/products/bt-triac-to-220.webp,False
BT Triac TO-220,bt-triac-to-220,/images/products/item-bt137-triac-8a-600v-to-220.webp,/images/products/bt-triac-to-220-2.webp,False
CD40174BE CMOS Hex D-Type Flip-Flop IC (DIP-16) | Logic IC Component,cd40174be-cmos-hex-d-type-flip-flop-ic-logic-ic-component,/images/products/sku-prod-1094.webp,/images/products/cd40174be-cmos-hex-d-type-flip-flop-ic-logic-ic-component.webp,False
E13003-2 NPN Power Transistor TO-126,e13003-2-npn-power-transistor-to-126,/images/products/item-e13003-2-npn-power-transistor-to-126.webp,/images/products/e13003-2-npn-power-transistor-to-126.webp,False
FGA25N120 1200V 25A IGBT Transistor | High Power Switching Induction Cooker IGBT,fga25n120-1200v-25a-igbt-transistor-high-power-switching-induction-cooker-igbt,/images/products/sku-prod-1087.webp,/images/products/fga25n120-1200v-25a-igbt-transistor-high-power-switching-induction-cooker-igbt.webp,False
FQPF12N60C N-Channel Power MOSFET TO-220F,fqpf12n60c-n-channel-power-mosfet-to-220f,/images/products/item-fqpf12n60c-n-channel-power-mosfet-to-220f.webp,/images/products/fqpf12n60c-n-channel-power-mosfet-to-220f.webp,False
FR607 Fast Recovery Rectifier Diode 6A 1000V (Pack),fr607-fast-recovery-rectifier-diode-6a-1000v,/images/products/item-fr607-fast-recovery-rectifier-diode-6a-1000v.webp,/images/products/fr607-fast-recovery-rectifier-diode-6a-1000v.webp,False
Glass Reed Switch Magnetic Sensor (Liludin),glass-reed-switch-magnetic-sensor,/images/products/item-glass-reed-switch-magnetic-sensor.webp,/images/products/glass-reed-switch-magnetic-sensor.webp,False
I-Shaped DIP Power Inductor Coil,i-shaped-dip-power-inductor-coil,/images/products/item-i-shaped-dip-power-inductor-coil.webp,/images/products/i-shaped-dip-power-inductor-coil.webp,False
IRF224 N-Channel Power MOSFET 3.8A 250V TO-220,irf224-n-channel-power-mosfet-3-8a-250v-to-220,/images/products/item-irf224-n-channel-power-mosfet-3-8a-250v-to-220.webp,/images/products/irf224-n-channel-power-mosfet-3-8a-250v-to-220.webp,False
IRF770 N-Channel Power MOSFET 8A 400V TO-220,irf770-n-channel-power-mosfet-8a-400v-to-220,/images/products/item-irf770-n-channel-power-mosfet-8a-400v-to-220.webp,/images/products/irf770-n-channel-power-mosfet-8a-400v-to-220.webp,False
IRFZ44N N-Channel Power MOSFET TO-220,irfz44n-n-channel-power-mosfet-to-220,/images/products/item-irfz44n-n-channel-power-mosfet-to-220.webp,/images/products/irfz44n-n-channel-power-mosfet-to-220.webp,False
KBPC5010 Bridge Rectifier 50A 1000V Metal Case,kbpc5010-bridge-rectifier-50a-1000v-metal-case,/images/products/item-kbpc5010-bridge-rectifier-50a-1000v-metal-case.webp,/images/products/kbpc5010-bridge-rectifier-50a-1000v-metal-case.webp,False
LM338T Adjustable Voltage Regulator TO-220 (5A),lm338t-adjustable-voltage-regulator-to-220,/images/products/item-lm338t-adjustable-voltage-regulator-to-220.webp,/images/products/lm338t-adjustable-voltage-regulator-to-220.webp,False
MPS2907 PNP General Purpose Transistor TO-92,mps2907-pnp-general-purpose-transistor-to-92,/images/products/item-mps2907-pnp-general-purpose-transistor-to-92.webp,/images/products/mps2907-pnp-general-purpose-transistor-to-92.webp,False
Piezo Contact Microphone Sensor Disc with Wires (Pack),piezo-contact-microphone-sensor-disc-with-wires,/images/products/item-piezo-contact-microphone-sensor-disc-with-wires.webp,/images/products/piezo-contact-microphone-sensor-disc-with-wires.webp,False
TYN612 SCR Thyristor 12A 600V TO-220,tyn612-scr-thyristor-12a-600v-to-220,/images/products/item-tyn612-scr-thyristor-12a-600v-to-220.webp,/images/products/tyn612-scr-thyristor-12a-600v-to-220.webp,False
VS1838B Infrared IR Receiver Sensor,vs1838b-infrared-ir-receiver-sensor,/images/products/item-vs1838b-infrared-ir-receiver-sensor.webp,/images/products/vs1838b-infrared-ir-receiver-sensor.webp,False
1602 16×2 Character LCD Display Module (Green Backlight) | HD44780 Standard Screen,1602-16-2-character-lcd-display-module-hd44780-standard-screen,/images/products/sku-prod-1066.webp,/images/products/1602-16-2-character-lcd-display-module-hd44780-standard-screen.webp,False
2004 20×4 Character LCD Display Module (Blue Screen 5V) | HD44780 Large Screen,2004-20-4-character-lcd-display-module-hd44780-large-screen,/images/products/sku-prod-1067.webp,/images/products/2004-20-4-character-lcd-display-module-hd44780-large-screen.webp,False
ESP32 DevKit Board CP2102 38-Pin Micro USB | WiFi + Bluetooth Dual-Core IoT Board,esp32-devkit-board-cp2102-38-pin-micro-usb-wifi-bluetooth-dual-core-iot-board,/images/products/sku-prod-1071.webp,/images/products/esp32-devkit-board-cp2102-38-pin-micro-usb-wifi-bluetooth-dual-core-iot-board.webp,False
ESP8266 NodeMCU Development Board | WiFi IoT Board with Type-C USB,esp8266-nodemcu-development-board-wifi-iot-board-with-type-c-usb,/images/products/item-esp8266-nodemcu-development-board-wifi-iot-board-with-type-c-usb.webp,/images/products/esp8266-nodemcu-development-board-wifi-iot-board-with-type-c-usb.webp,False
IIC/I2C Interface Adapter Board for LCD1602 | HW-61 Serial LCD Adaptation Module,iic-i2c-interface-adapter-board-for-lcd1602-hw-61-serial-lcd-adaptation-module,/images/products/item-iic-i2c-interface-adapter-board-for-lcd1602-hw-61-serial-lcd-adaptation-module.webp,/images/products/iic-i2c-interface-adapter-board-for-lcd1602-hw-61-serial-lcd-adaptation-module.webp,False
SZYTF Nano3 Compatible Mini Development Board | LGT8F328P Arduino Nano Compatible Type-C Board,szytf-nano3-compatible-mini-development-board-lgt8f328p-arduino-nano-compatible-type-c-board,/images/products/item-szytf-nano3-compatible-mini-development-board-lgt8f328p-arduino-nano-compatible-type-c-board.webp,/images/products/szytf-nano3-compatible-mini-development-board-lgt8f328p-arduino-nano-compatible-type-c-board.webp,False
DB-3 DIAC Trigger Diode Bidirectional 2A 28-36V DO-35,db-3-diac-trigger-diode-bidirectional-2a-28-36v-do-35,/images/products/item-db-3-diac-trigger-diode-bidirectional-2a-28-36v-do-35.webp,/images/products/db-3-diac-trigger-diode-bidirectional-2a-28-36v-do-35.webp,False
STPS2045CT Dual Schottky Rectifier 20A 45V TO-220,stps2045ct-dual-schottky-rectifier-20a-45v-to-220,/images/products/item-stps2045ct-dual-schottky-rectifier-20a-45v-to-220.webp,/images/products/stps2045ct-dual-schottky-rectifier-20a-45v-to-220.webp,False
8×8 Red LED Dot Matrix Display Module (MAX7219),8-8-red-led-dot-matrix-display-module,/images/products/item-8-8-red-led-dot-matrix-display-module.webp,/images/products/8-8-red-led-dot-matrix-display-module.webp,False
MAX7219 4-in-1 Dot Matrix LED Display Module,max7219-4-in-1-dot-matrix-led-display-module,/images/products/item-max7219-4-in-1-dot-matrix-led-display-module.webp,/images/products/max7219-4-in-1-dot-matrix-led-display-module.webp,False
10W High Power COB LED Chip (White) | DIY Floodlight & Spotlight LED,10w-high-power-cob-led-chip-diy-floodlight-and-spotlight-led,/images/products/item-10w-high-power-cob-led-chip-diy-floodlight-and-spotlight-led.webp,/images/products/10w-high-power-cob-led-chip-diy-floodlight-and-spotlight-led.webp,False
4-Digit LED Digital Clock DIY Kit | STC12C2052 Electronic Soldering Practice Kit with Alarm,4-digit-led-digital-clock-diy-kit-stc12c2052-electronic-soldering-practice-kit-with-alarm,/images/products/sku-prod-1078.webp,/images/products/4-digit-led-digital-clock-diy-kit-stc12c2052-electronic-soldering-practice-kit-with-alarm.webp,False
4-Head Ultrasonic Mist Maker Driver Module | USB Atomizer Fogger Board with Ceramic Discs,4-head-ultrasonic-mist-maker-driver-module-usb-atomizer-fogger-board-with-ceramic-discs,/images/products/item-4-head-ultrasonic-mist-maker-driver-module-usb-atomizer-fogger-board-with-ceramic-discs.webp,/images/products/4-head-ultrasonic-mist-maker-driver-module-usb-atomizer-fogger-board-with-ceramic-discs.webp,False
4.5V 650nm Red Laser Dot Diode Head Module | 5mW Laser Transmitter Component,4-5v-650nm-red-laser-dot-diode-head-module-5mw-laser-transmitter-component,/images/products/sku-prod-1060.webp,/images/products/4-5v-650nm-red-laser-dot-diode-head-module-5mw-laser-transmitter-component.webp,False
775 Motor Water Pump DIY Kit | Plastic Impeller Housing & Screws Set (Pink),775-motor-water-pump-diy-kit-plastic-impeller-housing-and-screws-set,/images/products/sku-prod-1064.webp,/images/products/775-motor-water-pump-diy-kit-plastic-impeller-housing-and-screws-set.webp,False
CZB6721960 FM/AM Radio Receiver DIY Soldering Kit | Electronic Learning Kit with PCB,czb6721960-fm-am-radio-receiver-diy-soldering-kit-electronic-learning-kit-with-pcb,/images/products/item-czb6721960-fm-am-radio-receiver-diy-soldering-kit-electronic-learning-kit-with-pcb.webp,/images/products/czb6721960-fm-am-radio-receiver-diy-soldering-kit-electronic-learning-kit-with-pcb.webp,False
ELEC&Lifes 10-LED Chaser Light DIY Kit | NE555 Sequential LED Running Light Soldering Kit,elecandlifes-10-led-chaser-light-diy-kit-ne555-sequential-led-running-light-soldering-kit,/images/products/item-elecandlifes-10-led-chaser-light-diy-kit-ne555-sequential-led-running-light-soldering-kit.webp,/images/products/elecandlifes-10-led-chaser-light-diy-kit-ne555-sequential-led-running-light-soldering-kit.webp,False
GoAT SH-E 879 3-Digit LED Clock DIY Kit | Hour Minute Second Display Soldering Kit,goat-sh-e-879-3-digit-led-clock-diy-kit-hour-minute-second-display-soldering-kit,/images/products/sku-prod-1075.webp,/images/products/goat-sh-e-879-3-digit-led-clock-diy-kit-hour-minute-second-display-soldering-kit.webp,False
HYDZ Wireless Charging Coil Module DIY Kit | Induction Charger Circuit Kit,hydz-wireless-charging-coil-module-diy-kit-induction-charger-circuit-kit,/images/products/item-hydz-wireless-charging-coil-module-diy-kit-induction-charger-circuit-kit.webp,/images/products/hydz-wireless-charging-coil-module-diy-kit-induction-charger-circuit-kit.webp,False
Javino DC3-5V High Voltage Generator DIY Kit | Mini Spark Generator Kit,javino-dc3-5v-high-voltage-generator-diy-kit-mini-spark-generator-kit,/images/products/sku-prod-1074.webp,/images/products/javino-dc3-5v-high-voltage-generator-diy-kit-mini-spark-generator-kit.webp,False
Javino High Voltage Generator Module with Heatsink | ZVS Driver Boost Kit,javino-high-voltage-generator-module-with-heatsink-zvs-driver-boost-kit,/images/products/item-javino-high-voltage-generator-module-with-heatsink-zvs-driver-boost-kit.webp,/images/products/javino-high-voltage-generator-module-with-heatsink-zvs-driver-boost-kit.webp,False
KESHY FM Stereo Radio DIY Kit | 76-108MHz Wireless Transmitter Receiver Soldering Kit,keshy-fm-stereo-radio-diy-kit-76-108mhz-wireless-transmitter-receiver-soldering-kit,/images/products/item-keshy-fm-stereo-radio-diy-kit-76-108mhz-wireless-transmitter-receiver-soldering-kit.webp,/images/products/keshy-fm-stereo-radio-diy-kit-76-108mhz-wireless-transmitter-receiver-soldering-kit.webp,False
Mini Diaphragm Water Pump | DC Motor Driven Small Pump for DIY Projects,mini-diaphragm-water-pump-dc-motor-driven-small-pump-for-diy-projects,/images/products/item-mini-diaphragm-water-pump-dc-motor-driven-small-pump-for-diy-projects.webp,/images/products/mini-diaphragm-water-pump-dc-motor-driven-small-pump-for-diy-projects.webp,False
Mini Vibration Atomizer Mist Maker Module with Casing | USB Type-C Humidifier Driver Board,mini-vibration-atomizer-mist-maker-module-with-casing-usb-type-c-humidifier-driver-board,/images/products/item-mini-vibration-atomizer-mist-maker-module-with-casing-usb-type-c-humidifier-driver-board.webp,/images/products/mini-vibration-atomizer-mist-maker-module-with-casing-usb-type-c-humidifier-driver-board.webp,False
RF-300 Micro DC Solar Fan Motor DC 3-6V | Low Power High Efficiency Motor for DIY Projects,rf-300-micro-dc-solar-fan-motor-dc-3-6v-low-power-high-efficiency-motor-for-diy-projects,/images/products/sku-prod-1073.webp,/images/products/rf-300-micro-dc-solar-fan-motor-dc-3-6v-low-power-high-efficiency-motor-for-diy-projects.webp,False
White DC 4V 5W COB LED Ring Light | Round High-Power LED Chip for DIY Lighting,white-dc-4v-5w-cob-led-ring-light-round-high-power-led-chip-for-diy-lighting,/images/products/item-white-dc-4v-5w-cob-led-ring-light-round-high-power-led-chip-for-diy-lighting.webp,/images/products/white-dc-4v-5w-cob-led-ring-light-round-high-power-led-chip-for-diy-lighting.webp,False
WinWin Rotating LED Electronic Clock DIY Kit | Round PCB Soldering Kit,winwin-rotating-led-electronic-clock-diy-kit-round-pcb-soldering-kit,/images/products/sku-prod-1076.webp,/images/products/winwin-rotating-led-electronic-clock-diy-kit-round-pcb-soldering-kit.webp,False
L-faster 250W Brushed DC Motor Speed Controller Box | Electric Bike Scooter Controller with Full Wiring,l-faster-250w-brushed-dc-motor-speed-controller-box-electric-bike-scooter-controller-with-full-wiring,/images/products/item-l-faster-250w-brushed-dc-motor-speed-controller-box-electric-bike-scooter-controller-with-full-wiring.webp,/images/products/l-faster-250w-brushed-dc-motor-speed-controller-box-electric-bike-scooter-controller-with-full-wiring.webp,False
"L-faster Electric Bike Conversion Kit Accessories | 250W Motor Kit with Chain, Keys, Throttle & Bracket",l-faster-electric-bike-conversion-kit-accessories-250w-motor-kit-with-chain-keys-throttle-and-bracket,/images/products/item-l-faster-electric-bike-conversion-kit-accessories-250w-motor-kit-with-chain-keys-throttle-and-bracket.webp,/images/products/l-faster-electric-bike-conversion-kit-accessories-250w-motor-kit-with-chain-keys-throttle-and-bracket.webp,False
HTC-2 Digital Clock Alarm & Hygrometer Thermometer | LCD Temperature Humidity Monitor with Wired Sensor,htc-2-digital-clock-alarm-and-hygrometer-thermometer-lcd-temperature-humidity-monitor-with-wired-sensor,/images/products/item-htc-2-digital-clock-alarm-and-hygrometer-thermometer-lcd-temperature-humidity-monitor-with-wired-sensor.webp,/images/products/htc-2-digital-clock-alarm-and-hygrometer-thermometer-lcd-temperature-humidity-monitor-with-wired-sensor.webp,False
Mini LCD Digital Thermometer Hygrometer with Probe | Compact Temperature Humidity Meter,mini-lcd-digital-thermometer-hygrometer-with-probe-compact-temperature-humidity-meter,/images/products/item-mini-lcd-digital-thermometer-hygrometer-with-probe-compact-temperature-humidity-meter.webp,/images/products/mini-lcd-digital-thermometer-hygrometer-with-probe-compact-temperature-humidity-meter.webp,False
MT87 Digital Clamp Meter | AC/DC Current Voltage Clamp Multimeter,mt87-digital-clamp-meter-ac-dc-current-voltage-clamp-multimeter,/images/products/item-mt87-digital-clamp-meter-ac-dc-current-voltage-clamp-multimeter.webp,/images/products/mt87-digital-clamp-meter-ac-dc-current-voltage-clamp-multimeter.webp,False
UNI-T UT33D+ Digital Multimeter | AC/DC Voltage Current Resistance Meter with Test Leads,uni-t-ut33d-digital-multimeter-ac-dc-voltage-current-resistance-meter-with-test-leads,/images/products/item-uni-t-ut33d-digital-multimeter-ac-dc-voltage-current-resistance-meter-with-test-leads.webp,/images/products/uni-t-ut33d-digital-multimeter-ac-dc-voltage-current-resistance-meter-with-test-leads.webp,False
USB Power Capacity Tester | Voltage Current Meter with Data Display,usb-power-capacity-tester-voltage-current-meter-with-data-display,/images/products/item-usb-power-capacity-tester-voltage-current-meter-with-data-display.webp,/images/products/usb-power-capacity-tester-voltage-current-meter-with-data-display.webp,False
4-Channel Wireless RF Remote Control Receiver Module + Transmitter Fob (315/433MHz),4-channel-wireless-rf-remote-control-receiver-module-transmitter-fob,/images/products/item-4-channel-wireless-rf-remote-control-receiver-module-transmitter-fob.webp,/images/products/4-channel-wireless-rf-remote-control-receiver-module-transmitter-fob.webp,False
4N35 Optocoupler DIP-6 (GOHJMY),4n35-optocoupler-dip-6,/images/products/item-4n35-optocoupler-dip-6.webp,/images/products/4n35-optocoupler-dip-6.webp,False
74HC14D Hex Schmitt-Trigger Inverter SOIC-14 (PUMUDDSY),74hc14d-hex-schmitt-trigger-inverter-soic-14,/images/products/item-74hc14d-hex-schmitt-trigger-inverter-soic-14.webp,/images/products/74hc14d-hex-schmitt-trigger-inverter-soic-14.webp,False
775 High Speed DC Motor 12V 21000RPM | Double Ball Bearing Motor for DIY Drill & Saw,775-high-speed-dc-motor-12v-21000rpm-double-ball-bearing-motor-for-diy-drill-and-saw,/images/products/sku-prod-1065.webp,/images/products/775-high-speed-dc-motor-12v-21000rpm-double-ball-bearing-motor-for-diy-drill-and-saw.webp,False
AP8012H Offline Switching Power Supply PWM IC DIP-8,ap8012h-offline-switching-power-supply-pwm-ic-dip-8,/images/products/item-ap8012h-offline-switching-power-supply-pwm-ic-dip-8.webp,/images/products/ap8012h-offline-switching-power-supply-pwm-ic-dip-8.webp,False
BTA Triac 600V TO-220,bta-triac-600v-to-220,/images/products/item-bta12-600b-triac-12a-600v-to-220.webp,/images/products/bta-triac-600v-to-220.webp,False
BTA Triac 600V TO-220,bta-triac-600v-to-220,/images/products/item-bta16-600b-triac-16a-600v-to-220.webp,/images/products/bta-triac-600v-to-220-2.webp,False
BTA41-800B Triac 40A 800V TO-3P (Zhuang One Electronics),bta41-800b-triac-40a-800v-to-3p,/images/products/item-bta41-800b-triac-40a-800v-to-3p.webp,/images/products/bta41-800b-triac-40a-800v-to-3p.webp,False
CA-1235 Adjustable DC-DC Buck Converter Module 3A (EGBO),ca-1235-adjustable-dc-dc-buck-converter-module-3a,/images/products/item-ca-1235-adjustable-dc-dc-buck-converter-module-3a.webp,/images/products/ca-1235-adjustable-dc-dc-buck-converter-module-3a.webp,False
CD4011BE Quad 2-Input NAND Gate IC DIP-14,cd4011be-quad-2-input-nand-gate-ic-dip-14,/images/products/item-cd4011be-quad-2-input-nand-gate-ic-dip-14.webp,/images/products/cd4011be-quad-2-input-nand-gate-ic-dip-14.webp,False
CD4017 CD4017B CD4017BE 4017 DECADE COUNTER DIVIDER IC new original,cd4017-cd4017b-cd4017be-4017-decade-counter-divider-ic-new-original,/images/products/item-cd4017-cd4017b-cd4017be-4017-decade-counter-divider-ic-new-original.webp,/images/products/cd4017-cd4017b-cd4017be-4017-decade-counter-divider-ic-new-original.webp,False
CD4017BE Decade Counter/Divider IC DIP-16,cd4017be-decade-counter-divider-ic-dip-16,/images/products/item-cd4017be-decade-counter-divider-ic-dip-16.webp,/images/products/cd4017be-decade-counter-divider-ic-dip-16.webp,False
Compact PWM DC Motor Speed Controller Module | Mini Adjustable Speed Control Board,compact-pwm-dc-motor-speed-controller-module-mini-adjustable-speed-control-board,/images/products/item-compact-pwm-dc-motor-speed-controller-module-mini-adjustable-speed-control-board.webp,/images/products/compact-pwm-dc-motor-speed-controller-module-mini-adjustable-speed-control-board.webp,False
CS75N75 N-Channel Power MOSFET 75A 75V TO-220,cs75n75-n-channel-power-mosfet-75a-75v-to-220,/images/products/item-cs75n75-n-channel-power-mosfet-75a-75v-to-220.webp,/images/products/cs75n75-n-channel-power-mosfet-75a-75v-to-220.webp,False
CXD9883AM SOP IC (Sony),cxd9883am-sop-ic,/images/products/item-cxd9883am-sop-ic.webp,/images/products/cxd9883am-sop-ic.webp,False
DC 0-25V Voltage Sensor Module | Voltage Divider Board for Arduino,dc-0-25v-voltage-sensor-module-voltage-divider-board-for-arduino,/images/products/sku-prod-1069.webp,/images/products/dc-0-25v-voltage-sensor-module-voltage-divider-board-for-arduino.webp,False
DC-DC Buck Module Red Board USB Output DC6-20V to 5V 3A,dc-dc-buck-module-red-board-usb-output-dc6-20v-to-5v-3a,/images/products/item-dc-dc-buck-module-red-board-usb-output-dc6-20v-to-5v-3a.webp,/images/products/dc-dc-buck-module-red-board-usb-output-dc6-20v-to-5v-3a.webp,False
DC-DC Buck Module Red Board USB Output DC6-20V to 5V 3A,dc-dc-buck-module-red-board-usb-output-dc6-20v-to-5v-3a,/images/products/item-lm2596-dc-dc-buck-module-red-board-usb-output-dc6-20v-to-5v-3a.webp,/images/products/dc-dc-buck-module-red-board-usb-output-dc6-20v-to-5v-3a-2.webp,False
DM-W3002 Digital Temperature Controller Module | 12V/220V Relay Thermostat with Sensor Probe,dm-w3002-digital-temperature-controller-module-12v-220v-relay-thermostat-with-sensor-probe,/images/products/item-dm-w3002-digital-temperature-controller-module-12v-220v-relay-thermostat-with-sensor-probe.webp,/images/products/dm-w3002-digital-temperature-controller-module-12v-220v-relay-thermostat-with-sensor-probe.webp,False
Dual USB DC-DC Step Down Converter Module (JAVINO),dual-usb-dc-dc-step-down-converter-module,/images/products/item-dual-usb-dc-dc-step-down-converter-module.webp,/images/products/dual-usb-dc-dc-step-down-converter-module.webp,False
IR2113 Dual MOSFET Driver Module Board | High/Low Side Gate Driver PCB,ir2113-dual-mosfet-driver-module-board-high-low-side-gate-driver-pcb,/images/products/item-ir2113-dual-mosfet-driver-module-board-high-low-side-gate-driver-pcb.webp,/images/products/ir2113-dual-mosfet-driver-module-board-high-low-side-gate-driver-pcb.webp,False
Javino 2000W SCR Voltage Regulator Module | High Power AC Motor Speed & Dimmer Controller,javino-2000w-scr-voltage-regulator-module-high-power-ac-motor-speed-and-dimmer-controller,/images/products/item-javino-2000w-scr-voltage-regulator-module-high-power-ac-motor-speed-and-dimmer-controller.webp,/images/products/javino-2000w-scr-voltage-regulator-module-high-power-ac-motor-speed-and-dimmer-controller.webp,False
JDQ-01 Automatic Power/Battery Backup Switch Module 5V-48V 10A (SY),jdq-01-automatic-power-battery-backup-switch-module-5v-48v-10a,/images/products/item-jdq-01-automatic-power-battery-backup-switch-module-5v-48v-10a.webp,/images/products/jdq-01-automatic-power-battery-backup-switch-module-5v-48v-10a.webp,False
LM324N Quad Operational Amplifier IC DIP-14,lm324n-quad-operational-amplifier-ic-dip-14,/images/products/item-lm324n-quad-operational-amplifier-ic-dip-14.webp,/images/products/lm324n-quad-operational-amplifier-ic-dip-14.webp,False
LM358P Dual Operational Amplifier IC DIP-8,lm358p-dual-operational-amplifier-ic-dip-8,/images/products/item-lm358p-dual-operational-amplifier-ic-dip-8.webp,/images/products/lm358p-dual-operational-amplifier-ic-dip-8.webp,False
LM3914N-1 LED Dot/Bar Display Driver IC DIP-18,lm3914n-1-led-dot-bar-display-driver-ic-dip-18,/images/products/item-lm3914n-1-led-dot-bar-display-driver-ic-dip-18.webp,/images/products/lm3914n-1-led-dot-bar-display-driver-ic-dip-18.webp,False
LM393 Dual Voltage Comparator IC DIP-8,lm393-dual-voltage-comparator-ic-dip-8,/images/products/item-lm393-dual-voltage-comparator-ic-dip-8.webp,/images/products/lm393-dual-voltage-comparator-ic-dip-8.webp,False
MC-38 Wired Door Window Magnetic Sensor Switch (Tdidaz),mc-38-wired-door-window-magnetic-sensor-switch,/images/products/item-mc-38-wired-door-window-magnetic-sensor-switch.webp,/images/products/mc-38-wired-door-window-magnetic-sensor-switch.webp,False
MCP602 / MCP6002 Dual Op-Amp IC DIP-8,mcp602-mcp6002-dual-op-amp-ic-dip-8,/images/products/item-mcp602-mcp6002-dual-op-amp-ic-dip-8.webp,/images/products/mcp602-mcp6002-dual-op-amp-ic-dip-8.webp,False
MFRC-522 RFID RC522 IC Card Reader Module Kit,mfrc-522-rfid-rc522-ic-card-reader-module-kit,/images/products/item-mfrc-522-rfid-rc522-ic-card-reader-module-kit.webp,/images/products/mfrc-522-rfid-rc522-ic-card-reader-module-kit.webp,False
MH-Mini-360 DC-DC Step-Down Buck Converter Module | Ultra Small Power Step-Down Board,mh-mini-360-dc-dc-step-down-buck-converter-module-ultra-small-power-step-down-board,/images/products/sku-prod-1082.webp,/images/products/mh-mini-360-dc-dc-step-down-buck-converter-module-ultra-small-power-step-down-board.webp,False
Mini DC-DC Boost Converter Module | Adjustable Step-Up Power Module with SET Potentiometer,mini-dc-dc-boost-converter-module-adjustable-step-up-power-module-with-set-potentiometer,/images/products/item-mini-dc-dc-boost-converter-module-adjustable-step-up-power-module-with-set-potentiometer.webp,/images/products/mini-dc-dc-boost-converter-module-adjustable-step-up-power-module-with-set-potentiometer.webp,False
MOC3063 Zero-Cross Optoisolator Triac Driver DIP-6 (Zhuang One),moc3063-zero-cross-optoisolator-triac-driver-dip-6,/images/products/item-moc3063-zero-cross-optoisolator-triac-driver-dip-6.webp,/images/products/moc3063-zero-cross-optoisolator-triac-driver-dip-6.webp,False
NE555P Precision Timer IC DIP-8,ne555p-precision-timer-ic-dip-8,/images/products/item-ne555p-precision-timer-ic-dip-8.webp,/images/products/ne555p-precision-timer-ic-dip-8.webp,False
NE555P Precision Timer IC DIP-8,ne555p-precision-timer-ic-dip-8,/images/products/item-ne555p-precision-timer-ic-dip-8-2.webp,/images/products/ne555p-precision-timer-ic-dip-8-2.webp,False
NE556N Dual Precision Timer IC DIP-14,ne556n-dual-precision-timer-ic-dip-14,/images/products/item-ne556n-dual-precision-timer-ic-dip-14.webp,/images/products/ne556n-dual-precision-timer-ic-dip-14.webp,False
PC817 Optocoupler DIP-4 (SHARP),pc817-optocoupler-dip-4,/images/products/item-pc817-optocoupler-dip-4.webp,/images/products/pc817-optocoupler-dip-4.webp,False
Photocell Light Sensor Switch Module | Automatic Dusk to Dawn Streetlight Sensor,photocell-light-sensor-switch-module-automatic-dusk-to-dawn-streetlight-sensor,/images/products/item-photocell-light-sensor-switch-module-automatic-dusk-to-dawn-streetlight-sensor.webp,/images/products/photocell-light-sensor-switch-module-automatic-dusk-to-dawn-streetlight-sensor.webp,False
PWM DC Motor Speed Controller Module | 4.5-35V Adjustable Speed Control Board with Knob,pwm-dc-motor-speed-controller-module-4-5-35v-adjustable-speed-control-board-with-knob,/images/products/item-pwm-dc-motor-speed-controller-module-4-5-35v-adjustable-speed-control-board-with-knob.webp,/images/products/pwm-dc-motor-speed-controller-module-4-5-35v-adjustable-speed-control-board-with-knob.webp,False
QC3.0 DIY Fast Charger Step-Down (Buck) Module.,qc3-0-diy-fast-charger-step-down-module,/images/products/sku-prod-1079.webp,/images/products/qc3-0-diy-fast-charger-step-down-module.webp,False
SG3525AN PWM Switch-Mode Power Supply Controller IC DIP-16,sg3525an-pwm-switch-mode-power-supply-controller-ic-dip-16,/images/products/item-sg3525an-pwm-switch-mode-power-supply-controller-ic-dip-16.webp,/images/products/sg3525an-pwm-switch-mode-power-supply-controller-ic-dip-16.webp,False
SW-420 Vibration / Shock Sensor Module,sw-420-vibration-shock-sensor-module,/images/products/item-sw-420-vibration-shock-sensor-module.webp,/images/products/sw-420-vibration-shock-sensor-module.webp,False
TNY278PN Off-Line Switcher IC DIP-7,tny278pn-off-line-switcher-ic-dip-7,/images/products/item-tny278pn-off-line-switcher-ic-dip-7.webp,/images/products/tny278pn-off-line-switcher-ic-dip-7.webp,False
TPS61088 Boost Converter Module 8A | High Current USB Output DC-DC Step-Up Board,tps61088-boost-converter-module-8a-high-current-usb-output-dc-dc-step-up-board,/images/products/item-tps61088-boost-converter-module-8a-high-current-usb-output-dc-dc-step-up-board.webp,/images/products/tps61088-boost-converter-module-8a-high-current-usb-output-dc-dc-step-up-board.webp,False
UA741CN Operational Amplifier IC DIP-8,ua741cn-operational-amplifier-ic-dip-8,/images/products/item-ua741cn-operational-amplifier-ic-dip-8.webp,/images/products/ua741cn-operational-amplifier-ic-dip-8.webp,False
UC384x Current Mode PWM Controller IC DIP-8,uc384x-current-mode-pwm-controller-ic-dip-8,/images/products/item-uc3842an-current-mode-pwm-controller-ic-dip-8.webp,/images/products/uc384x-current-mode-pwm-controller-ic-dip-8.webp,False
UC384x Current Mode PWM Controller IC DIP-8,uc384x-current-mode-pwm-controller-ic-dip-8,/images/products/item-uc3843an-current-mode-pwm-controller-ic-dip-8.webp,/images/products/uc384x-current-mode-pwm-controller-ic-dip-8-2.webp,False
ULN2003AN Darlington Transistor Array IC DIP-16,uln2003an-darlington-transistor-array-ic-dip-16,/images/products/item-uln2003an-darlington-transistor-array-ic-dip-16.webp,/images/products/uln2003an-darlington-transistor-array-ic-dip-16.webp,False
USB-C PD Trigger Board | Fast Charge Protocol Decoy Module with DIP Switch Selection,usb-c-pd-trigger-board-fast-charge-protocol-decoy-module-with-dip-switch-selection,/images/products/item-usb-c-pd-trigger-board-fast-charge-protocol-decoy-module-with-dip-switch-selection.webp,/images/products/usb-c-pd-trigger-board-fast-charge-protocol-decoy-module-with-dip-switch-selection.webp,False
XH-M601 12V Battery Charging Control Board with Voltmeter,xh-m601-12v-battery-charging-control-board-with-voltmeter,/images/products/item-xh-m601-12v-battery-charging-control-board-with-voltmeter.webp,/images/products/xh-m601-12v-battery-charging-control-board-with-voltmeter.webp,False
1% Precision Resistor,1-precision-resistor,/images/products/ed-res-1p.webp,/images/products/1-precision-resistor.webp,False
Power Resistor 1W / 1/2W,power-resistor-1w-1-2w,/images/products/ed-res-pwr.webp,/images/products/power-resistor-1w-1-2w.webp,False
Quarter Watt Resistor 5–10% Tolerance,quarter-watt-resistor-5-10-tolerance,/images/products/ed-res-qw.webp,/images/products/quarter-watt-resistor-5-10-tolerance.webp,False
CD4040BE CD4040 DIP-16,cd4040be-cd4040-dip-16,/images/products/item-cd4040be-cd4040-dip-16.webp,/images/products/cd4040be-cd4040-dip-16.webp,False
CD4066 CD4066BE DIP-14 logic chip bi-directional switch New Original,cd4066-cd4066be-dip-14-logic-chip-bi-directional-switch-new-original,/images/products/item-cd4066-cd4066be-dip-14-logic-chip-bi-directional-switch-new-original.webp,/images/products/cd4066-cd4066be-dip-14-logic-chip-bi-directional-switch-new-original.webp,False
908 60W Adjustable Temperature Electric Soldering Iron (220V ESD Safe) | Soldering Pen Tool,908-60w-adjustable-temperature-electric-soldering-iron-soldering-pen-tool,/images/products/sku-prod-1084.webp,/images/products/908-60w-adjustable-temperature-electric-soldering-iron-soldering-pen-tool.webp,False
BAKU BK-150 Soldering Paste Flux | 150g Advanced Quality Soldering Flux Paste,baku-bk-150-soldering-paste-flux-150g-advanced-quality-soldering-flux-paste,/images/products/item-baku-bk-150-soldering-paste-flux-150g-advanced-quality-soldering-flux-paste.webp,/images/products/baku-bk-150-soldering-paste-flux-150g-advanced-quality-soldering-flux-paste.webp,False
KAWH 900M Series Soldering Iron Tip (Knife / K Tip) | Oxygen-Free Copper Lead-Free Tip,kawh-900m-series-soldering-iron-tip-oxygen-free-copper-lead-free-tip,/images/products/sku-prod-1062.webp,/images/products/kawh-900m-series-soldering-iron-tip-oxygen-free-copper-lead-free-tip.webp,False
MAX98357A I2S Digital Audio Amplifier Module,max98357a-i2s-digital-audio-amplifier-module,/images/products/max98357a-i2s-digital-audio-amplifier-module.webp,/images/products/max98357a-i2s-digital-audio-amplifier-module.webp,False
ESP32-S3 N16R8 Development Board,chyon-esp32-s3-n16r8-uvc-oled-custom-board,/images/placeholders/product-placeholder.webp,/images/products/chyon-esp32-s3-n16r8-uvc-oled-custom-board.webp,True
INMP441 I2S MEMS Microphone Module,inmp441-i2s-mems-microphone-module,/images/placeholders/product-placeholder.webp,/images/products/inmp441-i2s-mems-microphone-module.webp,True
0.96″ SSD1306 128×64 I2C OLED Display Module,ssd1306-096-inch-128x64-i2c-oled-display,/images/placeholders/product-placeholder.webp,/images/products/ssd1306-096-inch-128x64-i2c-oled-display.webp,True
CS100A Ultrasonic Distance Sensor Module,cs100a-ultrasonic-distance-sensor,/images/placeholders/product-placeholder.webp,/images/products/cs100a-ultrasonic-distance-sensor.webp,True
L298N Dual H-Bridge Motor Driver Module,l298n-dual-h-bridge-motor-driver-module,/images/placeholders/product-placeholder.webp,/images/products/l298n-dual-h-bridge-motor-driver-module.webp,True
WS2812B 8-Pixel RGB LED Module,ws2812-8-pixel-rgb-led-panel,/images/placeholders/product-placeholder.webp,/images/products/ws2812-8-pixel-rgb-led-panel.webp,True
BO Gear Motor + Wheel Robot Set,bo-motor-four-wheel-robot-set,/images/placeholders/product-placeholder.webp,/images/products/bo-motor-four-wheel-robot-set.webp,True
USB UVC Camera Module – Native USB Host Compatible,usb-uvc-camera-module-native-usb-host,/images/placeholders/product-placeholder.webp,/images/products/usb-uvc-camera-module-native-usb-host.webp,True
3W 4Ω Mono Speaker,3w-4-ohm-mono-speaker,/images/placeholders/product-placeholder.webp,/images/products/3w-4-ohm-mono-speaker.webp,True
