Serial,SKU,Product ID,Product name,Category,Brand,Variant count,Canonical URL,Primary image
1,EDP-ACC-0001,sku-prod-1072,CAMEL GG-5 Hot Melt Glue Gun 100-240V | Electric Heat Glue Gun for Craft & DIY Repairs,Accessories,CAMEL,0,https://electronicsdokan.com/product/camel-gg-5-hot-melt-glue-gun-100-240v-electric-heat-glue-gun-for-craft-and-diy-repairs,/images/products/camel-gg-5-hot-melt-glue-gun-100-240v-electric-heat-glue-gun-for-craft-and-diy-repairs.webp
2,EDP-ACC-0002,item-esd-15-curved-tip-precision-tweezers-121mm-stainless-steel-bent-tip-tweezer-for-electronics,ESD-15 Curved Tip Precision Tweezers 121mm | Stainless Steel Bent Tip Tweezer for Electronics,Accessories,Generic / Unbranded,0,https://electronicsdokan.com/product/esd-15-curved-tip-precision-tweezers-121mm-stainless-steel-bent-tip-tweezer-for-electronics,/images/products/esd-15-curved-tip-precision-tweezers-121mm-stainless-steel-bent-tip-tweezer-for-electronics.webp
3,EDP-ACC-0003,sku-prod-1063,Metal Slingshot Release Trigger Mechanism | DIY Crossbow & Slingshot Trigger Device,Accessories,Generic / Unbranded,0,https://electronicsdokan.com/product/metal-slingshot-release-trigger-mechanism-diy-crossbow-and-slingshot-trigger-device,/images/products/metal-slingshot-release-trigger-mechanism-diy-crossbow-and-slingshot-trigger-device.webp
4,EDP-ACC-0004,item-precision-hobby-knife-with-11-blades-5-5-inch-craft-knife-for-pcb-and-model-making,Precision Hobby Knife with #11 Blades | 5.5 inch Craft Knife for PCB & Model Making,Accessories,Generic / Unbranded,0,https://electronicsdokan.com/product/precision-hobby-knife-with-11-blades-5-5-inch-craft-knife-for-pcb-and-model-making,/images/products/precision-hobby-knife-with-11-blades-5-5-inch-craft-knife-for-pcb-and-model-making.webp
5,EDP-ACC-0005,sku-prod-1086,USB Type-C Male/Female Plug Solder Connector Board (JRC-BCC8) | 4-Pin/6-Pin USB-C Repair Plug,Accessories,JRC,2,https://electronicsdokan.com/product/usb-type-c-male-plug-solder-connector-board-4-pin-6-pin-usb-c-repair-plug,/images/products/usb-type-c-male-plug-solder-connector-board-4-pin-6-pin-usb-c-repair-plug.webp
6,EDP-AUD-0006,item-bluetooth-mp3-decoder-board-with-color-display-usb-tf-card-aux-fm-radio-and-eq,"Bluetooth MP3 Decoder Board with Color Display, USB, TF Card, AUX, FM Radio & EQ",Audio,Generic / Unbranded,0,https://electronicsdokan.com/product/bluetooth-mp3-decoder-board-with-color-display-usb-tf-card-aux-fm-radio-and-eq,/images/products/bluetooth-mp3-decoder-board-with-color-display-usb-tf-card-aux-fm-radio-and-eq.webp
7,EDP-AUD-0007,sku-prod-1061,Digital FM Wireless Transmitter Module with LCD Display | 87.5-108MHz DSP & PLL Board,Audio,Generic / Unbranded,0,https://electronicsdokan.com/product/digital-fm-wireless-transmitter-module-with-lcd-display-87-5-108mhz-dsp-and-pll-board,/images/products/digital-fm-wireless-transmitter-module-with-lcd-display-87-5-108mhz-dsp-and-pll-board.webp
8,EDP-AUD-0008,item-jrc4558d-dual-operational-amplifier-ic-dip-8,JRC4558D Dual Operational Amplifier IC DIP-8,Audio,JRC,0,https://electronicsdokan.com/product/jrc4558d-dual-operational-amplifier-ic-dip-8,/images/products/jrc4558d-dual-operational-amplifier-ic-dip-8.webp
9,EDP-AUD-0009,item-la4440-dual-audio-power-amplifier-ic,LA4440 Dual Audio Power Amplifier IC (Zip-13),Audio,Generic / Unbranded,2,https://electronicsdokan.com/product/la4440-dual-audio-power-amplifier-ic,/images/products/la4440-dual-audio-power-amplifier-ic.webp
10,EDP-AUD-0010,item-lm386-audio-power-amplifier-ic-dip-8,LM386 Audio Power Amplifier IC DIP-8,Audio,Generic / Unbranded,0,https://electronicsdokan.com/product/lm386-audio-power-amplifier-ic-dip-8,/images/products/lm386-audio-power-amplifier-ic-dip-8.webp
11,EDP-AUD-0011,sku-prod-1070,NE5532 Hi-Fi Preamplifier Audio Tone Control Board (MT Version 2.1) | Treble Midrange Bass Volume Control,Audio,Generic / Unbranded,0,https://electronicsdokan.com/product/ne5532-hi-fi-preamplifier-audio-tone-control-board-treble-midrange-bass-volume-control,/images/products/ne5532-hi-fi-preamplifier-audio-tone-control-board-treble-midrange-bass-volume-control.webp
12,EDP-AUD-0012,item-pam8403-mini-digital-audio-amplifier-board-2x3w-class-d-stereo-amp-module,PAM8403 Mini Digital Audio Amplifier Board | 2x3W Class D Stereo Amp Module,Audio,Generic / Unbranded,0,https://electronicsdokan.com/product/pam8403-mini-digital-audio-amplifier-board-2x3w-class-d-stereo-amp-module,/images/products/pam8403-mini-digital-audio-amplifier-board-2x3w-class-d-stereo-amp-module.webp
13,EDP-AUD-0013,item-rotary-potentiometer-b100k-with-nut-and-washer,Rotary Potentiometer B50K / B100K with Nut & Washer (Audio Pot),Audio,Generic / Unbranded,2,https://electronicsdokan.com/product/rotary-potentiometer-b50k-b100k-with-nut-washer-audio-pot,/images/products/rotary-potentiometer-b50k-b100k-with-nut-washer-audio-pot.webp
14,EDP-AUD-0014,item-single-supply-low-pass-filter-board-subwoofer-preamp-board-2-1-channel-dc10-30v-creek,Single supply low pass filter board subwoofer preamp board 2.1 channel DC10-30V Creek,Audio,Generic / Unbranded,0,https://electronicsdokan.com/product/single-supply-low-pass-filter-board-subwoofer-preamp-board-2-1-channel-dc10-30v-creek,/images/products/single-supply-low-pass-filter-board-subwoofer-preamp-board-2-1-channel-dc10-30v-creek.webp
15,EDP-AUD-0015,item-tda2030a-mono-audio-amplifier-board-with-heatsink-diy-amplifier-module,TDA2030A Mono Audio Amplifier Board with Heatsink | DIY Amplifier Module,Audio,Generic / Unbranded,0,https://electronicsdokan.com/product/tda2030a-mono-audio-amplifier-board-with-heatsink-diy-amplifier-module,/images/products/tda2030a-mono-audio-amplifier-board-with-heatsink-diy-amplifier-module.webp
16,EDP-AUD-0016,item-tda2822-dual-low-voltage-audio-power-amplifier-ic-dip-8,TDA2822 Dual Low-Voltage Audio Power Amplifier IC DIP-8,Audio,Generic / Unbranded,0,https://electronicsdokan.com/product/tda2822-dual-low-voltage-audio-power-amplifier-ic-dip-8,/images/products/tda2822-dual-low-voltage-audio-power-amplifier-ic-dip-8.webp
17,EDP-AUD-0017,item-tea2025b-dual-audio-power-amplifier-ic-dip-16,TEA2025B Dual Audio Power Amplifier IC DIP-16,Audio,Generic / Unbranded,0,https://electronicsdokan.com/product/tea2025b-dual-audio-power-amplifier-ic-dip-16,/images/products/tea2025b-dual-audio-power-amplifier-ic-dip-16.webp
18,EDP-AUD-0018,sku-prod-1080,TPA3110 XH-A232 30W+30W 2.0 Channel Digital Stereo Audio Power Amplifier Board DC 8-26V 3A,Audio,Generic / Unbranded,0,https://electronicsdokan.com/product/tpa3110-xh-a232-30w-30w-2-0-channel-digital-stereo-audio-power-amplifier-board-dc-8-26v-3a,/images/products/tpa3110-xh-a232-30w-30w-2-0-channel-digital-stereo-audio-power-amplifier-board-dc-8-26v-3a.webp
19,EDP-AUD-0019,item-wireless-bluetooth-5-0-mp3-decoder-audio-receiver-module-auxtfusb-for-car-home-stereo-speaker-diy,Wireless Bluetooth 5.0 MP3 Decoder Audio Receiver Module AUXTFUSB for Car Home Stereo Speaker DIY,Audio,Generic / Unbranded,0,https://electronicsdokan.com/product/wireless-bluetooth-5-0-mp3-decoder-audio-receiver-module-auxtfusb-for-car-home-stereo-speaker-diy,/images/products/wireless-bluetooth-5-0-mp3-decoder-audio-receiver-module-auxtfusb-for-car-home-stereo-speaker-diy.webp
20,EDP-AUD-0020,item-wp4-10-4-pin-speaker-terminal-push-connector,WP4-10 4-Pin Speaker Terminal Push Connector,Audio,Generic / Unbranded,0,https://electronicsdokan.com/product/wp4-10-4-pin-speaker-terminal-push-connector,/images/products/wp4-10-4-pin-speaker-terminal-push-connector.webp
21,EDP-BAT-0021,sku-prod-1059,03962A TP4056 Micro USB 5V 1A Lithium Battery Charger Board | Dual Protection Module,Battery,Generic / Unbranded,0,https://electronicsdokan.com/product/03962a-tp4056-micro-usb-5v-1a-lithium-battery-charger-board-dual-protection-module,/images/products/03962a-tp4056-micro-usb-5v-1a-lithium-battery-charger-board-dual-protection-module.webp
22,EDP-BAT-0022,sku-prod-1068,12V Battery Low Voltage Cutoff Protection Switch Module | Undervoltage Relay Controller,Battery,Generic / Unbranded,0,https://electronicsdokan.com/product/12v-battery-low-voltage-cutoff-protection-switch-module-undervoltage-relay-controller,/images/products/12v-battery-low-voltage-cutoff-protection-switch-module-undervoltage-relay-controller.webp
23,EDP-BAT-0023,item-2s-li-ion-battery-bms-protection-board-2-cell-series-balance-charging-protection-module,2S Li-ion Battery BMS Protection Board | 2-Cell Series Balance Charging Protection Module (Type A),Battery,Generic / Unbranded,0,https://electronicsdokan.com/product/2s-li-ion-battery-bms-protection-board-2-cell-series-balance-charging-protection-module,/images/products/2s-li-ion-battery-bms-protection-board-2-cell-series-balance-charging-protection-module.webp
24,EDP-BAT-0024,item-2s-li-ion-battery-bms-protection-board-2-cell-series-protection-module,"2S Li-ion Battery BMS Protection Board | 2-Cell Series Protection Module (Type B, SY Brand)",Battery,SY,0,https://electronicsdokan.com/product/2s-li-ion-battery-bms-protection-board-2-cell-series-protection-module,/images/products/2s-li-ion-battery-bms-protection-board-2-cell-series-protection-module.webp
25,EDP-BAT-0025,item-3s-20a-li-ion-lithium-battery-18650-charger-pcb-bms-protection-board,3S 20A Li-ion Lithium Battery 18650 Charger PCB BMS Protection Board,Battery,Generic / Unbranded,0,https://electronicsdokan.com/product/3s-20a-li-ion-lithium-battery-18650-charger-pcb-bms-protection-board,/images/products/3s-20a-li-ion-lithium-battery-18650-charger-pcb-bms-protection-board.webp
26,EDP-BAT-0026,item-micro-usb-lithium-battery-charging-boost-module-tp4056-style-charger-with-boost-output,Micro USB Lithium Battery Charging Boost Module | TP4056 Style Charger with Boost Output,Battery,Generic / Unbranded,0,https://electronicsdokan.com/product/micro-usb-lithium-battery-charging-boost-module-tp4056-style-charger-with-boost-output,/images/products/micro-usb-lithium-battery-charging-boost-module-tp4056-style-charger-with-boost-output.webp
27,EDP-BAT-0027,sku-prod-1083,Type-C 15W 2S Lithium Battery Charging Boost Module | 2-Cell Series Fast Charger,Battery,Generic / Unbranded,0,https://electronicsdokan.com/product/type-c-15w-2s-lithium-battery-charging-boost-module-2-cell-series-fast-charger,/images/products/type-c-15w-2s-lithium-battery-charging-boost-module-2-cell-series-fast-charger.webp
28,EDP-BAT-0028,item-xh-m604-battery-charge-discharge-controller-module-voltage-protection-board-with-relay-and-display,XH-M604 Battery Charge/Discharge Controller Module | Voltage Protection Board with Relay & Display,Battery,Generic / Unbranded,0,https://electronicsdokan.com/product/xh-m604-battery-charge-discharge-controller-module-voltage-protection-board-with-relay-and-display,/images/products/xh-m604-battery-charge-discharge-controller-module-voltage-protection-board-with-relay-and-display.webp
29,EDP-CAP-0029,ed-cercap,Ceramic Capacitor,Capacitors,Generic / Unbranded,21,https://electronicsdokan.com/product/ceramic-capacitor,/images/products/ceramic-capacitor.webp
30,EDP-CAP-0030,ed-elcap,Electrolytic Capacitor,Capacitors,Generic / Unbranded,21,https://electronicsdokan.com/product/electrolytic-capacitor,/images/products/electrolytic-capacitor.webp
31,EDP-CAP-0031,ed-high-voltage-ceramic-disc-bulk-pack-vanxy,High Voltage Ceramic Disc Capacitors – Bulk Pack (VANXY),Capacitors,VANXY,0,https://electronicsdokan.com/product/high-voltage-ceramic-disc-capacitors-bulk-pack,/images/products/high-voltage-ceramic-disc-capacitors-bulk-pack.webp
32,EDP-COM-0032,sku-prod-1057,ESP-01 ESP8266 Serial Wi-Fi Transceiver Module | Wireless Internet IoT Board,Communication,Generic / Unbranded,0,https://electronicsdokan.com/product/esp-01-esp8266-serial-wi-fi-transceiver-module-wireless-internet-iot-board,/images/products/esp-01-esp8266-serial-wi-fi-transceiver-module-wireless-internet-iot-board.webp
33,EDP-COM-0033,sku-prod-1058,KESHY USB to ESP-01 ESP8266 Adapter Board | Serial Wireless Programmer Module,Communication,KESHY,0,https://electronicsdokan.com/product/keshy-usb-to-esp-01-esp8266-adapter-board-serial-wireless-programmer-module,/images/products/keshy-usb-to-esp-01-esp8266-adapter-board-serial-wireless-programmer-module.webp
34,EDP-COM-0034,item-sim800-gsm-module-bare-board-sim-card-slot-gsm-gprs-circuit-board,SIM800 GSM Module Bare Board | SIM Card Slot GSM/GPRS Circuit Board,Communication,Generic / Unbranded,0,https://electronicsdokan.com/product/sim800-gsm-module-bare-board-sim-card-slot-gsm-gprs-circuit-board,/images/products/sim800-gsm-module-bare-board-sim-card-slot-gsm-gprs-circuit-board.webp
35,EDP-COM-0035,sku-prod-1077,SIM900A GSM/GPRS Module with Antenna | Quad-Band Serial Communication Module,Communication,Generic / Unbranded,0,https://electronicsdokan.com/product/sim900a-gsm-gprs-module-with-antenna-quad-band-serial-communication-module,/images/products/sim900a-gsm-gprs-module-with-antenna-quad-band-serial-communication-module.webp
36,EDP-CMP-0036,item-0603-red-smd-led-620-625nm,0603 Red SMD LED 620-625nm (5 Pic),Components,Generic / Unbranded,0,https://electronicsdokan.com/product/0603-red-smd-led-620-625nm,/images/products/0603-red-smd-led-620-625nm.webp
37,EDP-SEM-0037,item-13001-npn-power-transistor-to-92,13001 NPN Power Transistor TO-92,Semiconductors,Generic / Unbranded,0,https://electronicsdokan.com/product/13001-npn-power-transistor-to-92,/images/products/13001-npn-power-transistor-to-92.webp
38,EDP-SEM-0038,item-16-pin-dip-ic-socket-base,16-Pin DIP IC Socket / Base,Semiconductors,Generic / Unbranded,0,https://electronicsdokan.com/product/16-pin-dip-ic-socket-base,/images/products/16-pin-dip-ic-socket-base.webp
39,EDP-DIO-0039,item-1n5399-rectifier-diode-1000v-1-5a-do-15,1N5399 Rectifier Diode 1000V 1.5A DO-15 (10Pcs),Diodes & Rectifiers,Generic / Unbranded,0,https://electronicsdokan.com/product/1n5399-rectifier-diode-1000v-1-5a-do-15,/images/products/1n5399-rectifier-diode-1000v-1-5a-do-15.webp
40,EDP-SEM-0040,sku-prod-1093,2N2219A High Speed NPN Power Transistor (TO-39 Metal Can) | Switching & Amp Transistor,Semiconductors,Generic / Unbranded,0,https://electronicsdokan.com/product/2n2219a-high-speed-npn-power-transistor-switching-and-amp-transistor,/images/products/2n2219a-high-speed-npn-power-transistor-switching-and-amp-transistor.webp
41,EDP-AUD-0041,sku-prod-1088,2N3866 High Frequency NPN Transistor (TO-39 Metal Can) | RF Amplifier Transistor,Audio,Generic / Unbranded,0,https://electronicsdokan.com/product/2n3866-high-frequency-npn-transistor-rf-amplifier-transistor,/images/products/2n3866-high-frequency-npn-transistor-rf-amplifier-transistor.webp
42,EDP-SEM-0042,sku-prod-1091,2SC1971 C1971 NPN VHF RF Power Transistor (TO-220) | 6W 175MHz RF Output Transistor,Semiconductors,Generic / Unbranded,0,https://electronicsdokan.com/product/2sc1971-c1971-npn-vhf-rf-power-transistor-6w-175mhz-rf-output-transistor,/images/products/2sc1971-c1971-npn-vhf-rf-power-transistor-6w-175mhz-rf-output-transistor.webp
43,EDP-SEM-0043,item-30f124-igbt-transistor-to-3p,30F124 IGBT Transistor TO-3P,Semiconductors,Generic / Unbranded,0,https://electronicsdokan.com/product/30f124-igbt-transistor-to-3p,/images/products/30f124-igbt-transistor-to-3p.webp
44,EDP-CMP-0044,item-40-pin-female-header-strip-2-54mm-single-row,40-Pin Header Strip 2.54mm Single Row,Components,Generic / Unbranded,2,https://electronicsdokan.com/product/40-pin-header-strip-2-54mm-single-row,/images/products/40-pin-header-strip-2-54mm-single-row.webp
45,EDP-CMP-0045,item-60w-ceramic-cartridge-heater-65mm,60W Ceramic Cartridge Heater 65mm (Soldering Iron / 3D Printer Heating Element),Components,Generic / Unbranded,0,https://electronicsdokan.com/product/60w-ceramic-cartridge-heater-65mm,/images/products/60w-ceramic-cartridge-heater-65mm.webp
46,EDP-SEM-0046,item-7n60-n-channel-power-mosfet-7a-600v-to-220,7N60 N-Channel Power MOSFET 7A 600V TO-220,Semiconductors,Generic / Unbranded,0,https://electronicsdokan.com/product/7n60-n-channel-power-mosfet-7a-600v-to-220,/images/products/7n60-n-channel-power-mosfet-7a-600v-to-220.webp
47,EDP-SEM-0047,item-8-pin-dip-ic-socket-base,8-Pin DIP IC Socket / Base (SY),Semiconductors,Generic / Unbranded,0,https://electronicsdokan.com/product/8-pin-dip-ic-socket-base,/images/products/8-pin-dip-ic-socket-base.webp
48,EDP-SEM-0048,item-bd135-npn-power-transistor-to-126,BD/D882 NPN/PNP Power Transistor TO-126,Semiconductors,Generic / Unbranded,3,https://electronicsdokan.com/product/bd-d882-npn-pnp-power-transistor-to-126,/images/products/bd-d882-npn-pnp-power-transistor-to-126.webp
49,EDP-SEM-0049,item-bd140-pnp-power-transistor-to-126,BD140 PNP Power Transistor TO-126,Semiconductors,Generic / Unbranded,0,https://electronicsdokan.com/product/bd140-pnp-power-transistor-to-126,/images/products/bd140-pnp-power-transistor-to-126.webp
50,EDP-SEM-0050,sku-prod-1090,BF494 NPN Medium Frequency RF Transistor (TO-92) | AM/FM Radio Oscillator Transistor,Semiconductors,Generic / Unbranded,0,https://electronicsdokan.com/product/bf494-npn-medium-frequency-rf-transistor-am-fm-radio-oscillator-transistor,/images/products/bf494-npn-medium-frequency-rf-transistor-am-fm-radio-oscillator-transistor.webp
51,EDP-SEM-0051,item-bt136-triac-4a-600v-to-220,BT Triac TO-220,Semiconductors,Generic / Unbranded,2,https://electronicsdokan.com/product/bt-triac-to-220,/images/products/bt-triac-to-220.webp
52,EDP-SEM-0052,sku-prod-1094,CD40174BE CMOS Hex D-Type Flip-Flop IC (DIP-16) | Logic IC Component,Semiconductors,Generic / Unbranded,0,https://electronicsdokan.com/product/cd40174be-cmos-hex-d-type-flip-flop-ic-logic-ic-component,/images/products/cd40174be-cmos-hex-d-type-flip-flop-ic-logic-ic-component.webp
53,EDP-SEM-0053,item-e13003-2-npn-power-transistor-to-126,E13003-2 NPN Power Transistor TO-126,Semiconductors,Generic / Unbranded,0,https://electronicsdokan.com/product/e13003-2-npn-power-transistor-to-126,/images/products/e13003-2-npn-power-transistor-to-126.webp
54,EDP-SEM-0054,sku-prod-1087,FGA25N120 1200V 25A IGBT Transistor | High Power Switching Induction Cooker IGBT,Semiconductors,Generic / Unbranded,0,https://electronicsdokan.com/product/fga25n120-1200v-25a-igbt-transistor-high-power-switching-induction-cooker-igbt,/images/products/fga25n120-1200v-25a-igbt-transistor-high-power-switching-induction-cooker-igbt.webp
55,EDP-SEM-0055,item-fqpf12n60c-n-channel-power-mosfet-to-220f,FQPF12N60C N-Channel Power MOSFET TO-220F,Semiconductors,Generic / Unbranded,0,https://electronicsdokan.com/product/fqpf12n60c-n-channel-power-mosfet-to-220f,/images/products/fqpf12n60c-n-channel-power-mosfet-to-220f.webp
56,EDP-DIO-0056,item-fr607-fast-recovery-rectifier-diode-6a-1000v,FR607 Fast Recovery Rectifier Diode 6A 1000V (Pack),Diodes & Rectifiers,Generic / Unbranded,0,https://electronicsdokan.com/product/fr607-fast-recovery-rectifier-diode-6a-1000v,/images/products/fr607-fast-recovery-rectifier-diode-6a-1000v.webp
57,EDP-CMP-0057,item-glass-reed-switch-magnetic-sensor,Glass Reed Switch Magnetic Sensor (Liludin),Components,Liludin,0,https://electronicsdokan.com/product/glass-reed-switch-magnetic-sensor,/images/products/glass-reed-switch-magnetic-sensor.webp
58,EDP-CMP-0058,item-i-shaped-dip-power-inductor-coil,I-Shaped DIP Power Inductor Coil,Components,Generic / Unbranded,0,https://electronicsdokan.com/product/i-shaped-dip-power-inductor-coil,/images/products/i-shaped-dip-power-inductor-coil.webp
59,EDP-SEM-0059,item-irf224-n-channel-power-mosfet-3-8a-250v-to-220,IRF224 N-Channel Power MOSFET 3.8A 250V TO-220,Semiconductors,Generic / Unbranded,0,https://electronicsdokan.com/product/irf224-n-channel-power-mosfet-3-8a-250v-to-220,/images/products/irf224-n-channel-power-mosfet-3-8a-250v-to-220.webp
60,EDP-SEM-0060,item-irf770-n-channel-power-mosfet-8a-400v-to-220,IRF770 N-Channel Power MOSFET 8A 400V TO-220,Semiconductors,Generic / Unbranded,0,https://electronicsdokan.com/product/irf770-n-channel-power-mosfet-8a-400v-to-220,/images/products/irf770-n-channel-power-mosfet-8a-400v-to-220.webp
61,EDP-SEM-0061,item-irfz44n-n-channel-power-mosfet-to-220,IRFZ44N N-Channel Power MOSFET TO-220,Semiconductors,Generic / Unbranded,0,https://electronicsdokan.com/product/irfz44n-n-channel-power-mosfet-to-220,/images/products/irfz44n-n-channel-power-mosfet-to-220.webp
62,EDP-DIO-0062,item-kbpc5010-bridge-rectifier-50a-1000v-metal-case,KBPC5010 Bridge Rectifier 50A 1000V Metal Case,Diodes & Rectifiers,Generic / Unbranded,0,https://electronicsdokan.com/product/kbpc5010-bridge-rectifier-50a-1000v-metal-case,/images/products/kbpc5010-bridge-rectifier-50a-1000v-metal-case.webp
63,EDP-CMP-0063,item-lm338t-adjustable-voltage-regulator-to-220,LM338T Adjustable Voltage Regulator TO-220 (5A),Components,Generic / Unbranded,0,https://electronicsdokan.com/product/lm338t-adjustable-voltage-regulator-to-220,/images/products/lm338t-adjustable-voltage-regulator-to-220.webp
64,EDP-SEM-0064,item-mps2907-pnp-general-purpose-transistor-to-92,MPS2907 PNP General Purpose Transistor TO-92,Semiconductors,Generic / Unbranded,0,https://electronicsdokan.com/product/mps2907-pnp-general-purpose-transistor-to-92,/images/products/mps2907-pnp-general-purpose-transistor-to-92.webp
65,EDP-CMP-0065,item-piezo-contact-microphone-sensor-disc-with-wires,Piezo Contact Microphone Sensor Disc with Wires (Pack),Components,Generic / Unbranded,0,https://electronicsdokan.com/product/piezo-contact-microphone-sensor-disc-with-wires,/images/products/piezo-contact-microphone-sensor-disc-with-wires.webp
66,EDP-SEM-0066,item-tyn612-scr-thyristor-12a-600v-to-220,TYN612 SCR Thyristor 12A 600V TO-220,Semiconductors,Generic / Unbranded,0,https://electronicsdokan.com/product/tyn612-scr-thyristor-12a-600v-to-220,/images/products/tyn612-scr-thyristor-12a-600v-to-220.webp
67,EDP-CMP-0067,item-vs1838b-infrared-ir-receiver-sensor,VS1838B Infrared IR Receiver Sensor,Components,Generic / Unbranded,0,https://electronicsdokan.com/product/vs1838b-infrared-ir-receiver-sensor,/images/products/vs1838b-infrared-ir-receiver-sensor.webp
68,EDP-DSP-0068,sku-prod-1066,1602 16×2 Character LCD Display Module (Green Backlight) | HD44780 Standard Screen,Display,Generic / Unbranded,0,https://electronicsdokan.com/product/1602-16-2-character-lcd-display-module-hd44780-standard-screen,/images/products/1602-16-2-character-lcd-display-module-hd44780-standard-screen.webp
69,EDP-DSP-0069,sku-prod-1067,2004 20×4 Character LCD Display Module (Blue Screen 5V) | HD44780 Large Screen,Display,Generic / Unbranded,0,https://electronicsdokan.com/product/2004-20-4-character-lcd-display-module-hd44780-large-screen,/images/products/2004-20-4-character-lcd-display-module-hd44780-large-screen.webp
70,EDP-DEV-0070,sku-prod-1071,ESP32 DevKit Board CP2102 38-Pin Micro USB | WiFi + Bluetooth Dual-Core IoT Board,Development Boards,Generic / Unbranded,0,https://electronicsdokan.com/product/esp32-devkit-board-cp2102-38-pin-micro-usb-wifi-bluetooth-dual-core-iot-board,/images/products/esp32-devkit-board-cp2102-38-pin-micro-usb-wifi-bluetooth-dual-core-iot-board.webp
71,EDP-DEV-0071,item-esp8266-nodemcu-development-board-wifi-iot-board-with-type-c-usb,ESP8266 NodeMCU Development Board | WiFi IoT Board with Type-C USB,Development Boards,Generic / Unbranded,0,https://electronicsdokan.com/product/esp8266-nodemcu-development-board-wifi-iot-board-with-type-c-usb,/images/products/esp8266-nodemcu-development-board-wifi-iot-board-with-type-c-usb.webp
72,EDP-MOD-0072,item-iic-i2c-interface-adapter-board-for-lcd1602-hw-61-serial-lcd-adaptation-module,IIC/I2C Interface Adapter Board for LCD1602 | HW-61 Serial LCD Adaptation Module,Modules,Generic / Unbranded,0,https://electronicsdokan.com/product/iic-i2c-interface-adapter-board-for-lcd1602-hw-61-serial-lcd-adaptation-module,/images/products/iic-i2c-interface-adapter-board-for-lcd1602-hw-61-serial-lcd-adaptation-module.webp
73,EDP-DEV-0073,item-szytf-nano3-compatible-mini-development-board-lgt8f328p-arduino-nano-compatible-type-c-board,SZYTF Nano3 Compatible Mini Development Board | LGT8F328P Arduino Nano Compatible Type-C Board,Development Boards,Generic / Unbranded,0,https://electronicsdokan.com/product/szytf-nano3-compatible-mini-development-board-lgt8f328p-arduino-nano-compatible-type-c-board,/images/products/szytf-nano3-compatible-mini-development-board-lgt8f328p-arduino-nano-compatible-type-c-board.webp
74,EDP-DIO-0074,item-db-3-diac-trigger-diode-bidirectional-2a-28-36v-do-35,DB-3 DIAC Trigger Diode Bidirectional 2A 28-36V DO-35,Diodes & Rectifiers,Generic / Unbranded,0,https://electronicsdokan.com/product/db-3-diac-trigger-diode-bidirectional-2a-28-36v-do-35,/images/products/db-3-diac-trigger-diode-bidirectional-2a-28-36v-do-35.webp
75,EDP-DIO-0075,item-stps2045ct-dual-schottky-rectifier-20a-45v-to-220,STPS2045CT Dual Schottky Rectifier 20A 45V TO-220,Diodes & Rectifiers,Generic / Unbranded,0,https://electronicsdokan.com/product/stps2045ct-dual-schottky-rectifier-20a-45v-to-220,/images/products/stps2045ct-dual-schottky-rectifier-20a-45v-to-220.webp
76,EDP-DSP-0076,item-8-8-red-led-dot-matrix-display-module,8×8 Red LED Dot Matrix Display Module (MAX7219),Display,Generic / Unbranded,0,https://electronicsdokan.com/product/8-8-red-led-dot-matrix-display-module,/images/products/8-8-red-led-dot-matrix-display-module.webp
77,EDP-DSP-0077,item-max7219-4-in-1-dot-matrix-led-display-module,MAX7219 4-in-1 Dot Matrix LED Display Module,Display,Generic / Unbranded,0,https://electronicsdokan.com/product/max7219-4-in-1-dot-matrix-led-display-module,/images/products/max7219-4-in-1-dot-matrix-led-display-module.webp
78,EDP-DIY-0078,item-10w-high-power-cob-led-chip-diy-floodlight-and-spotlight-led,10W High Power COB LED Chip (White) | DIY Floodlight & Spotlight LED,Diy Electronics,Generic / Unbranded,0,https://electronicsdokan.com/product/10w-high-power-cob-led-chip-diy-floodlight-and-spotlight-led,/images/products/10w-high-power-cob-led-chip-diy-floodlight-and-spotlight-led.webp
79,EDP-DIY-0079,sku-prod-1078,4-Digit LED Digital Clock DIY Kit | STC12C2052 Electronic Soldering Practice Kit with Alarm,Diy Electronics,Generic / Unbranded,0,https://electronicsdokan.com/product/4-digit-led-digital-clock-diy-kit-stc12c2052-electronic-soldering-practice-kit-with-alarm,/images/products/4-digit-led-digital-clock-diy-kit-stc12c2052-electronic-soldering-practice-kit-with-alarm.webp
80,EDP-DIY-0080,item-4-head-ultrasonic-mist-maker-driver-module-usb-atomizer-fogger-board-with-ceramic-discs,4-Head Ultrasonic Mist Maker Driver Module | USB Atomizer Fogger Board with Ceramic Discs,Diy Electronics,Generic / Unbranded,0,https://electronicsdokan.com/product/4-head-ultrasonic-mist-maker-driver-module-usb-atomizer-fogger-board-with-ceramic-discs,/images/products/4-head-ultrasonic-mist-maker-driver-module-usb-atomizer-fogger-board-with-ceramic-discs.webp
81,EDP-DIO-0081,sku-prod-1060,4.5V 650nm Red Laser Dot Diode Head Module | 5mW Laser Transmitter Component,Diodes & Rectifiers,Generic / Unbranded,0,https://electronicsdokan.com/product/4-5v-650nm-red-laser-dot-diode-head-module-5mw-laser-transmitter-component,/images/products/4-5v-650nm-red-laser-dot-diode-head-module-5mw-laser-transmitter-component.webp
82,EDP-DIY-0082,sku-prod-1064,775 Motor Water Pump DIY Kit | Plastic Impeller Housing & Screws Set (Pink),Diy Electronics,Generic / Unbranded,0,https://electronicsdokan.com/product/775-motor-water-pump-diy-kit-plastic-impeller-housing-and-screws-set,/images/products/775-motor-water-pump-diy-kit-plastic-impeller-housing-and-screws-set.webp
83,EDP-DIY-0083,item-czb6721960-fm-am-radio-receiver-diy-soldering-kit-electronic-learning-kit-with-pcb,CZB6721960 FM/AM Radio Receiver DIY Soldering Kit | Electronic Learning Kit with PCB,Diy Electronics,Generic / Unbranded,0,https://electronicsdokan.com/product/czb6721960-fm-am-radio-receiver-diy-soldering-kit-electronic-learning-kit-with-pcb,/images/products/czb6721960-fm-am-radio-receiver-diy-soldering-kit-electronic-learning-kit-with-pcb.webp
84,EDP-DIY-0084,item-elecandlifes-10-led-chaser-light-diy-kit-ne555-sequential-led-running-light-soldering-kit,ELEC&Lifes 10-LED Chaser Light DIY Kit | NE555 Sequential LED Running Light Soldering Kit,Diy Electronics,ELEC&Lifes,0,https://electronicsdokan.com/product/elecandlifes-10-led-chaser-light-diy-kit-ne555-sequential-led-running-light-soldering-kit,/images/products/elecandlifes-10-led-chaser-light-diy-kit-ne555-sequential-led-running-light-soldering-kit.webp
85,EDP-DIY-0085,sku-prod-1075,GoAT SH-E 879 3-Digit LED Clock DIY Kit | Hour Minute Second Display Soldering Kit,Diy Electronics,GoAT,0,https://electronicsdokan.com/product/goat-sh-e-879-3-digit-led-clock-diy-kit-hour-minute-second-display-soldering-kit,/images/products/goat-sh-e-879-3-digit-led-clock-diy-kit-hour-minute-second-display-soldering-kit.webp
86,EDP-DIY-0086,item-hydz-wireless-charging-coil-module-diy-kit-induction-charger-circuit-kit,HYDZ Wireless Charging Coil Module DIY Kit | Induction Charger Circuit Kit,Diy Electronics,HYDZ,0,https://electronicsdokan.com/product/hydz-wireless-charging-coil-module-diy-kit-induction-charger-circuit-kit,/images/products/hydz-wireless-charging-coil-module-diy-kit-induction-charger-circuit-kit.webp
87,EDP-DIY-0087,sku-prod-1074,Javino DC3-5V High Voltage Generator DIY Kit | Mini Spark Generator Kit,Diy Electronics,JAVINO,0,https://electronicsdokan.com/product/javino-dc3-5v-high-voltage-generator-diy-kit-mini-spark-generator-kit,/images/products/javino-dc3-5v-high-voltage-generator-diy-kit-mini-spark-generator-kit.webp
88,EDP-DIY-0088,item-javino-high-voltage-generator-module-with-heatsink-zvs-driver-boost-kit,Javino High Voltage Generator Module with Heatsink | ZVS Driver Boost Kit,Diy Electronics,JAVINO,0,https://electronicsdokan.com/product/javino-high-voltage-generator-module-with-heatsink-zvs-driver-boost-kit,/images/products/javino-high-voltage-generator-module-with-heatsink-zvs-driver-boost-kit.webp
89,EDP-DIY-0089,item-keshy-fm-stereo-radio-diy-kit-76-108mhz-wireless-transmitter-receiver-soldering-kit,KESHY FM Stereo Radio DIY Kit | 76-108MHz Wireless Transmitter Receiver Soldering Kit,Diy Electronics,KESHY,0,https://electronicsdokan.com/product/keshy-fm-stereo-radio-diy-kit-76-108mhz-wireless-transmitter-receiver-soldering-kit,/images/products/keshy-fm-stereo-radio-diy-kit-76-108mhz-wireless-transmitter-receiver-soldering-kit.webp
90,EDP-DIY-0090,item-mini-diaphragm-water-pump-dc-motor-driven-small-pump-for-diy-projects,Mini Diaphragm Water Pump | DC Motor Driven Small Pump for DIY Projects,Diy Electronics,Generic / Unbranded,0,https://electronicsdokan.com/product/mini-diaphragm-water-pump-dc-motor-driven-small-pump-for-diy-projects,/images/products/mini-diaphragm-water-pump-dc-motor-driven-small-pump-for-diy-projects.webp
91,EDP-DIY-0091,item-mini-vibration-atomizer-mist-maker-module-with-casing-usb-type-c-humidifier-driver-board,Mini Vibration Atomizer Mist Maker Module with Casing | USB Type-C Humidifier Driver Board,Diy Electronics,Generic / Unbranded,0,https://electronicsdokan.com/product/mini-vibration-atomizer-mist-maker-module-with-casing-usb-type-c-humidifier-driver-board,/images/products/mini-vibration-atomizer-mist-maker-module-with-casing-usb-type-c-humidifier-driver-board.webp
92,EDP-DIY-0092,sku-prod-1073,RF-300 Micro DC Solar Fan Motor DC 3-6V | Low Power High Efficiency Motor for DIY Projects,Diy Electronics,Generic / Unbranded,0,https://electronicsdokan.com/product/rf-300-micro-dc-solar-fan-motor-dc-3-6v-low-power-high-efficiency-motor-for-diy-projects,/images/products/rf-300-micro-dc-solar-fan-motor-dc-3-6v-low-power-high-efficiency-motor-for-diy-projects.webp
93,EDP-DIY-0093,item-white-dc-4v-5w-cob-led-ring-light-round-high-power-led-chip-for-diy-lighting,White DC 4V 5W COB LED Ring Light | Round High-Power LED Chip for DIY Lighting,Diy Electronics,Generic / Unbranded,0,https://electronicsdokan.com/product/white-dc-4v-5w-cob-led-ring-light-round-high-power-led-chip-for-diy-lighting,/images/products/white-dc-4v-5w-cob-led-ring-light-round-high-power-led-chip-for-diy-lighting.webp
94,EDP-DIY-0094,sku-prod-1076,WinWin Rotating LED Electronic Clock DIY Kit | Round PCB Soldering Kit,Diy Electronics,Generic / Unbranded,0,https://electronicsdokan.com/product/winwin-rotating-led-electronic-clock-diy-kit-round-pcb-soldering-kit,/images/products/winwin-rotating-led-electronic-clock-diy-kit-round-pcb-soldering-kit.webp
95,EDP-EBP-0095,item-l-faster-250w-brushed-dc-motor-speed-controller-box-electric-bike-scooter-controller-with-full-wiring,L-faster 250W Brushed DC Motor Speed Controller Box | Electric Bike Scooter Controller with Full Wiring,Electric Bike Parts,L-faster,0,https://electronicsdokan.com/product/l-faster-250w-brushed-dc-motor-speed-controller-box-electric-bike-scooter-controller-with-full-wiring,/images/products/l-faster-250w-brushed-dc-motor-speed-controller-box-electric-bike-scooter-controller-with-full-wiring.webp
96,EDP-EBP-0096,item-l-faster-electric-bike-conversion-kit-accessories-250w-motor-kit-with-chain-keys-throttle-and-bracket,"L-faster Electric Bike Conversion Kit Accessories | 250W Motor Kit with Chain, Keys, Throttle & Bracket",Electric Bike Parts,L-faster,0,https://electronicsdokan.com/product/l-faster-electric-bike-conversion-kit-accessories-250w-motor-kit-with-chain-keys-throttle-and-bracket,/images/products/l-faster-electric-bike-conversion-kit-accessories-250w-motor-kit-with-chain-keys-throttle-and-bracket.webp
97,EDP-MTR-0097,item-htc-2-digital-clock-alarm-and-hygrometer-thermometer-lcd-temperature-humidity-monitor-with-wired-sensor,HTC-2 Digital Clock Alarm & Hygrometer Thermometer | LCD Temperature Humidity Monitor with Wired Sensor,Meters & Testers,Generic / Unbranded,0,https://electronicsdokan.com/product/htc-2-digital-clock-alarm-and-hygrometer-thermometer-lcd-temperature-humidity-monitor-with-wired-sensor,/images/products/htc-2-digital-clock-alarm-and-hygrometer-thermometer-lcd-temperature-humidity-monitor-with-wired-sensor.webp
98,EDP-MTR-0098,item-mini-lcd-digital-thermometer-hygrometer-with-probe-compact-temperature-humidity-meter,Mini LCD Digital Thermometer Hygrometer with Probe | Compact Temperature Humidity Meter,Meters & Testers,Generic / Unbranded,0,https://electronicsdokan.com/product/mini-lcd-digital-thermometer-hygrometer-with-probe-compact-temperature-humidity-meter,/images/products/mini-lcd-digital-thermometer-hygrometer-with-probe-compact-temperature-humidity-meter.webp
99,EDP-MTR-0099,item-mt87-digital-clamp-meter-ac-dc-current-voltage-clamp-multimeter,MT87 Digital Clamp Meter | AC/DC Current Voltage Clamp Multimeter,Meters & Testers,Generic / Unbranded,0,https://electronicsdokan.com/product/mt87-digital-clamp-meter-ac-dc-current-voltage-clamp-multimeter,/images/products/mt87-digital-clamp-meter-ac-dc-current-voltage-clamp-multimeter.webp
100,EDP-MTR-0100,item-uni-t-ut33d-digital-multimeter-ac-dc-voltage-current-resistance-meter-with-test-leads,UNI-T UT33D+ Digital Multimeter | AC/DC Voltage Current Resistance Meter with Test Leads,Meters & Testers,UNI-T,0,https://electronicsdokan.com/product/uni-t-ut33d-digital-multimeter-ac-dc-voltage-current-resistance-meter-with-test-leads,/images/products/uni-t-ut33d-digital-multimeter-ac-dc-voltage-current-resistance-meter-with-test-leads.webp
101,EDP-MTR-0101,item-usb-power-capacity-tester-voltage-current-meter-with-data-display,USB Power Capacity Tester | Voltage Current Meter with Data Display,Meters & Testers,Generic / Unbranded,0,https://electronicsdokan.com/product/usb-power-capacity-tester-voltage-current-meter-with-data-display,/images/products/usb-power-capacity-tester-voltage-current-meter-with-data-display.webp
102,EDP-MOD-0102,item-4-channel-wireless-rf-remote-control-receiver-module-transmitter-fob,4-Channel Wireless RF Remote Control Receiver Module + Transmitter Fob (315/433MHz),Modules,Generic / Unbranded,0,https://electronicsdokan.com/product/4-channel-wireless-rf-remote-control-receiver-module-transmitter-fob,/images/products/4-channel-wireless-rf-remote-control-receiver-module-transmitter-fob.webp
103,EDP-SEM-0103,item-4n35-optocoupler-dip-6,4N35 Optocoupler DIP-6 (GOHJMY),Semiconductors,Generic / Unbranded,0,https://electronicsdokan.com/product/4n35-optocoupler-dip-6,/images/products/4n35-optocoupler-dip-6.webp
104,EDP-MOD-0104,item-74hc14d-hex-schmitt-trigger-inverter-soic-14,74HC14D Hex Schmitt-Trigger Inverter SOIC-14 (PUMUDDSY),Modules,PUMUDDSY,0,https://electronicsdokan.com/product/74hc14d-hex-schmitt-trigger-inverter-soic-14,/images/products/74hc14d-hex-schmitt-trigger-inverter-soic-14.webp
105,EDP-MOD-0105,sku-prod-1065,775 High Speed DC Motor 12V 21000RPM | Double Ball Bearing Motor for DIY Drill & Saw,Modules,Generic / Unbranded,0,https://electronicsdokan.com/product/775-high-speed-dc-motor-12v-21000rpm-double-ball-bearing-motor-for-diy-drill-and-saw,/images/products/775-high-speed-dc-motor-12v-21000rpm-double-ball-bearing-motor-for-diy-drill-and-saw.webp
106,EDP-SEM-0106,item-ap8012h-offline-switching-power-supply-pwm-ic-dip-8,AP8012H Offline Switching Power Supply PWM IC DIP-8,Semiconductors,Generic / Unbranded,0,https://electronicsdokan.com/product/ap8012h-offline-switching-power-supply-pwm-ic-dip-8,/images/products/ap8012h-offline-switching-power-supply-pwm-ic-dip-8.webp
107,EDP-SEM-0107,item-bta12-600b-triac-12a-600v-to-220,BTA Triac 600V TO-220,Semiconductors,Generic / Unbranded,2,https://electronicsdokan.com/product/bta-triac-600v-to-220,/images/products/bta-triac-600v-to-220.webp
108,EDP-SEM-0108,item-bta41-800b-triac-40a-800v-to-3p,BTA41-800B Triac 40A 800V TO-3P (Zhuang One Electronics),Semiconductors,Zhuang One,0,https://electronicsdokan.com/product/bta41-800b-triac-40a-800v-to-3p,/images/products/bta41-800b-triac-40a-800v-to-3p.webp
109,EDP-MOD-0109,item-ca-1235-adjustable-dc-dc-buck-converter-module-3a,CA-1235 Adjustable DC-DC Buck Converter Module 3A (EGBO),Modules,EGBO,0,https://electronicsdokan.com/product/ca-1235-adjustable-dc-dc-buck-converter-module-3a,/images/products/ca-1235-adjustable-dc-dc-buck-converter-module-3a.webp
110,EDP-SEM-0110,item-cd4011be-quad-2-input-nand-gate-ic-dip-14,CD4011BE Quad 2-Input NAND Gate IC DIP-14,Semiconductors,Generic / Unbranded,0,https://electronicsdokan.com/product/cd4011be-quad-2-input-nand-gate-ic-dip-14,/images/products/cd4011be-quad-2-input-nand-gate-ic-dip-14.webp
111,EDP-SEM-0111,item-cd4017-cd4017b-cd4017be-4017-decade-counter-divider-ic-new-original,CD4017 CD4017B CD4017BE 4017 DECADE COUNTER DIVIDER IC new original,Semiconductors,Generic / Unbranded,0,https://electronicsdokan.com/product/cd4017-cd4017b-cd4017be-4017-decade-counter-divider-ic-new-original,/images/products/cd4017-cd4017b-cd4017be-4017-decade-counter-divider-ic-new-original.webp
112,EDP-SEM-0112,item-cd4017be-decade-counter-divider-ic-dip-16,CD4017BE Decade Counter/Divider IC DIP-16,Semiconductors,Generic / Unbranded,0,https://electronicsdokan.com/product/cd4017be-decade-counter-divider-ic-dip-16,/images/products/cd4017be-decade-counter-divider-ic-dip-16.webp
113,EDP-MOD-0113,item-compact-pwm-dc-motor-speed-controller-module-mini-adjustable-speed-control-board,Compact PWM DC Motor Speed Controller Module | Mini Adjustable Speed Control Board,Modules,Generic / Unbranded,0,https://electronicsdokan.com/product/compact-pwm-dc-motor-speed-controller-module-mini-adjustable-speed-control-board,/images/products/compact-pwm-dc-motor-speed-controller-module-mini-adjustable-speed-control-board.webp
114,EDP-SEM-0114,item-cs75n75-n-channel-power-mosfet-75a-75v-to-220,CS75N75 N-Channel Power MOSFET 75A 75V TO-220,Semiconductors,Generic / Unbranded,0,https://electronicsdokan.com/product/cs75n75-n-channel-power-mosfet-75a-75v-to-220,/images/products/cs75n75-n-channel-power-mosfet-75a-75v-to-220.webp
115,EDP-SEM-0115,item-cxd9883am-sop-ic,CXD9883AM SOP IC (Sony),Semiconductors,Generic / Unbranded,0,https://electronicsdokan.com/product/cxd9883am-sop-ic,/images/products/cxd9883am-sop-ic.webp
116,EDP-MOD-0116,sku-prod-1069,DC 0-25V Voltage Sensor Module | Voltage Divider Board for Arduino,Modules,Generic / Unbranded,0,https://electronicsdokan.com/product/dc-0-25v-voltage-sensor-module-voltage-divider-board-for-arduino,/images/products/dc-0-25v-voltage-sensor-module-voltage-divider-board-for-arduino.webp
117,EDP-MOD-0117,item-dc-dc-buck-module-red-board-usb-output-dc6-20v-to-5v-3a,DC-DC Buck Module Red Board USB Output DC6-20V to 5V 3A,Modules,Generic / Unbranded,2,https://electronicsdokan.com/product/dc-dc-buck-module-red-board-usb-output-dc6-20v-to-5v-3a,/images/products/dc-dc-buck-module-red-board-usb-output-dc6-20v-to-5v-3a.webp
118,EDP-MOD-0118,item-dm-w3002-digital-temperature-controller-module-12v-220v-relay-thermostat-with-sensor-probe,DM-W3002 Digital Temperature Controller Module | 12V/220V Relay Thermostat with Sensor Probe,Modules,Generic / Unbranded,0,https://electronicsdokan.com/product/dm-w3002-digital-temperature-controller-module-12v-220v-relay-thermostat-with-sensor-probe,/images/products/dm-w3002-digital-temperature-controller-module-12v-220v-relay-thermostat-with-sensor-probe.webp
119,EDP-MOD-0119,item-dual-usb-dc-dc-step-down-converter-module,Dual USB DC-DC Step Down Converter Module (JAVINO),Modules,JAVINO,0,https://electronicsdokan.com/product/dual-usb-dc-dc-step-down-converter-module,/images/products/dual-usb-dc-dc-step-down-converter-module.webp
120,EDP-SEM-0120,item-ir2113-dual-mosfet-driver-module-board-high-low-side-gate-driver-pcb,IR2113 Dual MOSFET Driver Module Board | High/Low Side Gate Driver PCB,Semiconductors,Generic / Unbranded,0,https://electronicsdokan.com/product/ir2113-dual-mosfet-driver-module-board-high-low-side-gate-driver-pcb,/images/products/ir2113-dual-mosfet-driver-module-board-high-low-side-gate-driver-pcb.webp
121,EDP-SEM-0121,item-javino-2000w-scr-voltage-regulator-module-high-power-ac-motor-speed-and-dimmer-controller,Javino 2000W SCR Voltage Regulator Module | High Power AC Motor Speed & Dimmer Controller,Semiconductors,JAVINO,0,https://electronicsdokan.com/product/javino-2000w-scr-voltage-regulator-module-high-power-ac-motor-speed-and-dimmer-controller,/images/products/javino-2000w-scr-voltage-regulator-module-high-power-ac-motor-speed-and-dimmer-controller.webp
122,EDP-MOD-0122,item-jdq-01-automatic-power-battery-backup-switch-module-5v-48v-10a,JDQ-01 Automatic Power/Battery Backup Switch Module 5V-48V 10A (SY),Modules,Generic / Unbranded,0,https://electronicsdokan.com/product/jdq-01-automatic-power-battery-backup-switch-module-5v-48v-10a,/images/products/jdq-01-automatic-power-battery-backup-switch-module-5v-48v-10a.webp
123,EDP-AUD-0123,item-lm324n-quad-operational-amplifier-ic-dip-14,LM324N Quad Operational Amplifier IC DIP-14,Audio,Generic / Unbranded,0,https://electronicsdokan.com/product/lm324n-quad-operational-amplifier-ic-dip-14,/images/products/lm324n-quad-operational-amplifier-ic-dip-14.webp
124,EDP-AUD-0124,item-lm358p-dual-operational-amplifier-ic-dip-8,LM358P Dual Operational Amplifier IC DIP-8,Audio,Generic / Unbranded,0,https://electronicsdokan.com/product/lm358p-dual-operational-amplifier-ic-dip-8,/images/products/lm358p-dual-operational-amplifier-ic-dip-8.webp
125,EDP-SEM-0125,item-lm3914n-1-led-dot-bar-display-driver-ic-dip-18,LM3914N-1 LED Dot/Bar Display Driver IC DIP-18,Semiconductors,Generic / Unbranded,0,https://electronicsdokan.com/product/lm3914n-1-led-dot-bar-display-driver-ic-dip-18,/images/products/lm3914n-1-led-dot-bar-display-driver-ic-dip-18.webp
126,EDP-SEM-0126,item-lm393-dual-voltage-comparator-ic-dip-8,LM393 Dual Voltage Comparator IC DIP-8,Semiconductors,Generic / Unbranded,0,https://electronicsdokan.com/product/lm393-dual-voltage-comparator-ic-dip-8,/images/products/lm393-dual-voltage-comparator-ic-dip-8.webp
127,EDP-MOD-0127,item-mc-38-wired-door-window-magnetic-sensor-switch,MC-38 Wired Door Window Magnetic Sensor Switch (Tdidaz),Modules,Tdidaz,0,https://electronicsdokan.com/product/mc-38-wired-door-window-magnetic-sensor-switch,/images/products/mc-38-wired-door-window-magnetic-sensor-switch.webp
128,EDP-SEM-0128,item-mcp602-mcp6002-dual-op-amp-ic-dip-8,MCP602 / MCP6002 Dual Op-Amp IC DIP-8,Semiconductors,Generic / Unbranded,0,https://electronicsdokan.com/product/mcp602-mcp6002-dual-op-amp-ic-dip-8,/images/products/mcp602-mcp6002-dual-op-amp-ic-dip-8.webp
129,EDP-SEM-0129,item-mfrc-522-rfid-rc522-ic-card-reader-module-kit,MFRC-522 RFID RC522 IC Card Reader Module Kit,Semiconductors,Generic / Unbranded,0,https://electronicsdokan.com/product/mfrc-522-rfid-rc522-ic-card-reader-module-kit,/images/products/mfrc-522-rfid-rc522-ic-card-reader-module-kit.webp
130,EDP-MOD-0130,sku-prod-1082,MH-Mini-360 DC-DC Step-Down Buck Converter Module | Ultra Small Power Step-Down Board,Modules,Generic / Unbranded,0,https://electronicsdokan.com/product/mh-mini-360-dc-dc-step-down-buck-converter-module-ultra-small-power-step-down-board,/images/products/mh-mini-360-dc-dc-step-down-buck-converter-module-ultra-small-power-step-down-board.webp
131,EDP-AUD-0131,item-mini-dc-dc-boost-converter-module-adjustable-step-up-power-module-with-set-potentiometer,Mini DC-DC Boost Converter Module | Adjustable Step-Up Power Module with SET Potentiometer,Audio,Generic / Unbranded,0,https://electronicsdokan.com/product/mini-dc-dc-boost-converter-module-adjustable-step-up-power-module-with-set-potentiometer,/images/products/mini-dc-dc-boost-converter-module-adjustable-step-up-power-module-with-set-potentiometer.webp
132,EDP-SEM-0132,item-moc3063-zero-cross-optoisolator-triac-driver-dip-6,MOC3063 Zero-Cross Optoisolator Triac Driver DIP-6 (Zhuang One),Semiconductors,Zhuang One,0,https://electronicsdokan.com/product/moc3063-zero-cross-optoisolator-triac-driver-dip-6,/images/products/moc3063-zero-cross-optoisolator-triac-driver-dip-6.webp
133,EDP-SEM-0133,item-ne555p-precision-timer-ic-dip-8,NE555P Precision Timer IC DIP-8,Semiconductors,Generic / Unbranded,2,https://electronicsdokan.com/product/ne555p-precision-timer-ic-dip-8,/images/products/ne555p-precision-timer-ic-dip-8.webp
134,EDP-SEM-0134,item-ne556n-dual-precision-timer-ic-dip-14,NE556N Dual Precision Timer IC DIP-14,Semiconductors,Generic / Unbranded,0,https://electronicsdokan.com/product/ne556n-dual-precision-timer-ic-dip-14,/images/products/ne556n-dual-precision-timer-ic-dip-14.webp
135,EDP-SEM-0135,item-pc817-optocoupler-dip-4,PC817 Optocoupler DIP-4 (SHARP),Semiconductors,SHARP,0,https://electronicsdokan.com/product/pc817-optocoupler-dip-4,/images/products/pc817-optocoupler-dip-4.webp
136,EDP-MOD-0136,item-photocell-light-sensor-switch-module-automatic-dusk-to-dawn-streetlight-sensor,Photocell Light Sensor Switch Module | Automatic Dusk to Dawn Streetlight Sensor,Modules,Generic / Unbranded,0,https://electronicsdokan.com/product/photocell-light-sensor-switch-module-automatic-dusk-to-dawn-streetlight-sensor,/images/products/photocell-light-sensor-switch-module-automatic-dusk-to-dawn-streetlight-sensor.webp
137,EDP-MOD-0137,item-pwm-dc-motor-speed-controller-module-4-5-35v-adjustable-speed-control-board-with-knob,PWM DC Motor Speed Controller Module | 4.5-35V Adjustable Speed Control Board with Knob,Modules,Generic / Unbranded,0,https://electronicsdokan.com/product/pwm-dc-motor-speed-controller-module-4-5-35v-adjustable-speed-control-board-with-knob,/images/products/pwm-dc-motor-speed-controller-module-4-5-35v-adjustable-speed-control-board-with-knob.webp
138,EDP-MOD-0138,sku-prod-1079,QC3.0 DIY Fast Charger Step-Down (Buck) Module.,Modules,Generic / Unbranded,0,https://electronicsdokan.com/product/qc3-0-diy-fast-charger-step-down-module,/images/products/qc3-0-diy-fast-charger-step-down-module.webp
139,EDP-SEM-0139,item-sg3525an-pwm-switch-mode-power-supply-controller-ic-dip-16,SG3525AN PWM Switch-Mode Power Supply Controller IC DIP-16,Semiconductors,Generic / Unbranded,0,https://electronicsdokan.com/product/sg3525an-pwm-switch-mode-power-supply-controller-ic-dip-16,/images/products/sg3525an-pwm-switch-mode-power-supply-controller-ic-dip-16.webp
140,EDP-MOD-0140,item-sw-420-vibration-shock-sensor-module,SW-420 Vibration / Shock Sensor Module,Modules,Generic / Unbranded,0,https://electronicsdokan.com/product/sw-420-vibration-shock-sensor-module,/images/products/sw-420-vibration-shock-sensor-module.webp
141,EDP-SEM-0141,item-tny278pn-off-line-switcher-ic-dip-7,TNY278PN Off-Line Switcher IC DIP-7,Semiconductors,Generic / Unbranded,0,https://electronicsdokan.com/product/tny278pn-off-line-switcher-ic-dip-7,/images/products/tny278pn-off-line-switcher-ic-dip-7.webp
142,EDP-MOD-0142,item-tps61088-boost-converter-module-8a-high-current-usb-output-dc-dc-step-up-board,TPS61088 Boost Converter Module 8A | High Current USB Output DC-DC Step-Up Board,Modules,Generic / Unbranded,0,https://electronicsdokan.com/product/tps61088-boost-converter-module-8a-high-current-usb-output-dc-dc-step-up-board,/images/products/tps61088-boost-converter-module-8a-high-current-usb-output-dc-dc-step-up-board.webp
143,EDP-AUD-0143,item-ua741cn-operational-amplifier-ic-dip-8,UA741CN Operational Amplifier IC DIP-8,Audio,Generic / Unbranded,0,https://electronicsdokan.com/product/ua741cn-operational-amplifier-ic-dip-8,/images/products/ua741cn-operational-amplifier-ic-dip-8.webp
144,EDP-SEM-0144,item-uc3842an-current-mode-pwm-controller-ic-dip-8,UC384x Current Mode PWM Controller IC DIP-8,Semiconductors,Generic / Unbranded,2,https://electronicsdokan.com/product/uc384x-current-mode-pwm-controller-ic-dip-8,/images/products/uc384x-current-mode-pwm-controller-ic-dip-8.webp
145,EDP-SEM-0145,item-uln2003an-darlington-transistor-array-ic-dip-16,ULN2003AN Darlington Transistor Array IC DIP-16,Semiconductors,Generic / Unbranded,0,https://electronicsdokan.com/product/uln2003an-darlington-transistor-array-ic-dip-16,/images/products/uln2003an-darlington-transistor-array-ic-dip-16.webp
146,EDP-MOD-0146,item-usb-c-pd-trigger-board-fast-charge-protocol-decoy-module-with-dip-switch-selection,USB-C PD Trigger Board | Fast Charge Protocol Decoy Module with DIP Switch Selection,Modules,Generic / Unbranded,0,https://electronicsdokan.com/product/usb-c-pd-trigger-board-fast-charge-protocol-decoy-module-with-dip-switch-selection,/images/products/usb-c-pd-trigger-board-fast-charge-protocol-decoy-module-with-dip-switch-selection.webp
147,EDP-MOD-0147,item-xh-m601-12v-battery-charging-control-board-with-voltmeter,XH-M601 12V Battery Charging Control Board with Voltmeter,Modules,Generic / Unbranded,0,https://electronicsdokan.com/product/xh-m601-12v-battery-charging-control-board-with-voltmeter,/images/products/xh-m601-12v-battery-charging-control-board-with-voltmeter.webp
148,EDP-RES-0148,ed-res-1p,1% Precision Resistor,Resistors,Generic / Unbranded,34,https://electronicsdokan.com/product/1-precision-resistor,/images/products/1-precision-resistor.webp
149,EDP-RES-0149,ed-res-pwr,Power Resistor 1W / 1/2W,Resistors,Generic / Unbranded,16,https://electronicsdokan.com/product/power-resistor-1w-1-2w,/images/products/power-resistor-1w-1-2w.webp
150,EDP-RES-0150,ed-res-qw,Quarter Watt Resistor 5–10% Tolerance,Resistors,Generic / Unbranded,60,https://electronicsdokan.com/product/quarter-watt-resistor-5-10-tolerance,/images/products/quarter-watt-resistor-5-10-tolerance.webp
151,EDP-SEM-0151,item-cd4040be-cd4040-dip-16,CD4040BE CD4040 DIP-16,Semiconductors,Generic / Unbranded,0,https://electronicsdokan.com/product/cd4040be-cd4040-dip-16,/images/products/cd4040be-cd4040-dip-16.webp
152,EDP-SEM-0152,item-cd4066-cd4066be-dip-14-logic-chip-bi-directional-switch-new-original,CD4066 CD4066BE DIP-14 logic chip bi-directional switch New Original,Semiconductors,Generic / Unbranded,0,https://electronicsdokan.com/product/cd4066-cd4066be-dip-14-logic-chip-bi-directional-switch-new-original,/images/products/cd4066-cd4066be-dip-14-logic-chip-bi-directional-switch-new-original.webp
153,EDP-SLD-0153,sku-prod-1084,908 60W Adjustable Temperature Electric Soldering Iron (220V ESD Safe) | Soldering Pen Tool,Soldering Tools,Generic / Unbranded,0,https://electronicsdokan.com/product/908-60w-adjustable-temperature-electric-soldering-iron-soldering-pen-tool,/images/products/908-60w-adjustable-temperature-electric-soldering-iron-soldering-pen-tool.webp
154,EDP-SLD-0154,item-baku-bk-150-soldering-paste-flux-150g-advanced-quality-soldering-flux-paste,BAKU BK-150 Soldering Paste Flux | 150g Advanced Quality Soldering Flux Paste,Soldering Tools,BAKU,0,https://electronicsdokan.com/product/baku-bk-150-soldering-paste-flux-150g-advanced-quality-soldering-flux-paste,/images/products/baku-bk-150-soldering-paste-flux-150g-advanced-quality-soldering-flux-paste.webp
155,EDP-SLD-0155,sku-prod-1062,KAWH 900M Series Soldering Iron Tip (Knife / K Tip) | Oxygen-Free Copper Lead-Free Tip,Soldering Tools,KAWH,0,https://electronicsdokan.com/product/kawh-900m-series-soldering-iron-tip-oxygen-free-copper-lead-free-tip,/images/products/kawh-900m-series-soldering-iron-tip-oxygen-free-copper-lead-free-tip.webp
156,EDP-AUD-0156,max98357a-i2s-digital-audio-amplifier-module,MAX98357A I2S Digital Audio Amplifier Module,Audio,Generic / Unbranded,0,https://electronicsdokan.com/product/max98357a-i2s-digital-audio-amplifier-module,/images/products/max98357a-i2s-digital-audio-amplifier-module.webp
157,EDP-DEV-0157,chyon-esp32-s3-n16r8-uvc-oled-custom-board,ESP32-S3 N16R8 Development Board,Development Boards,Generic / Unbranded,0,https://electronicsdokan.com/product/chyon-esp32-s3-n16r8-uvc-oled-custom-board,/images/products/chyon-esp32-s3-n16r8-uvc-oled-custom-board.webp
158,EDP-AUD-0158,inmp441-i2s-mems-microphone-module,INMP441 I2S MEMS Microphone Module,Audio,Generic / Unbranded,0,https://electronicsdokan.com/product/inmp441-i2s-mems-microphone-module,/images/products/inmp441-i2s-mems-microphone-module.webp
159,EDP-DSP-0159,ssd1306-096-inch-128x64-i2c-oled-display,0.96″ SSD1306 128×64 I2C OLED Display Module,Display,Generic / Unbranded,0,https://electronicsdokan.com/product/ssd1306-096-inch-128x64-i2c-oled-display,/images/products/ssd1306-096-inch-128x64-i2c-oled-display.webp
160,EDP-MOD-0160,cs100a-ultrasonic-distance-sensor,CS100A Ultrasonic Distance Sensor Module,Modules,Generic / Unbranded,0,https://electronicsdokan.com/product/cs100a-ultrasonic-distance-sensor,/images/products/cs100a-ultrasonic-distance-sensor.webp
161,EDP-MOD-0161,l298n-dual-h-bridge-motor-driver-module,L298N Dual H-Bridge Motor Driver Module,Modules,Generic / Unbranded,0,https://electronicsdokan.com/product/l298n-dual-h-bridge-motor-driver-module,/images/products/l298n-dual-h-bridge-motor-driver-module.webp
162,EDP-DIY-0162,ws2812-8-pixel-rgb-led-panel,WS2812B 8-Pixel RGB LED Module,Diy Electronics,Generic / Unbranded,0,https://electronicsdokan.com/product/ws2812-8-pixel-rgb-led-panel,/images/products/ws2812-8-pixel-rgb-led-panel.webp
163,EDP-DIY-0163,bo-motor-four-wheel-robot-set,BO Gear Motor + Wheel Robot Set,Diy Electronics,Generic / Unbranded,0,https://electronicsdokan.com/product/bo-motor-four-wheel-robot-set,/images/products/bo-motor-four-wheel-robot-set.webp
164,EDP-COM-0164,usb-uvc-camera-module-native-usb-host,USB UVC Camera Module – Native USB Host Compatible,Communication,Generic / Unbranded,0,https://electronicsdokan.com/product/usb-uvc-camera-module-native-usb-host,/images/products/usb-uvc-camera-module-native-usb-host.webp
165,EDP-AUD-0165,3w-4-ohm-mono-speaker,3W 4Ω Mono Speaker,Audio,Generic / Unbranded,0,https://electronicsdokan.com/product/3w-4-ohm-mono-speaker,/images/products/3w-4-ohm-mono-speaker.webp
